alphabet,dim,size,querytype,method,k,ns
generic,625,1,miss,scan,0,2.2
generic,625,1,miss,prefix,1,19.5
generic,625,1,miss,prefix,2,22.7
generic,625,1,miss,prefix,4,49.7
generic,625,1,miss,prefix,8,67.6
generic,625,1,miss,prefix,16,100.3
generic,625,1,miss,prefix,32,170.5
generic,625,1,miss,prefix,64,249.0
generic,625,1,miss,prefix,625,1476.5
generic,625,1,hit,scan,0,332.8
generic,625,1,hit,prefix,1,329.4
generic,625,1,hit,prefix,2,337.6
generic,625,1,hit,prefix,4,339.0
generic,625,1,hit,prefix,8,353.2
generic,625,1,hit,prefix,16,368.4
generic,625,1,hit,prefix,32,413.2
generic,625,1,hit,prefix,64,509.7
generic,625,1,hit,prefix,625,3501.3
generic,625,1,mix,scan,0,164.7
generic,625,1,mix,prefix,1,182.0
generic,625,1,mix,prefix,2,182.8
generic,625,1,mix,prefix,4,187.0
generic,625,1,mix,prefix,8,196.1
generic,625,1,mix,prefix,16,214.6
generic,625,1,mix,prefix,32,253.9
generic,625,1,mix,prefix,64,335.6
generic,625,1,mix,prefix,625,1797.2
generic,625,2,miss,scan,0,3.1
generic,625,2,miss,prefix,1,21.0
generic,625,2,miss,prefix,2,22.3
generic,625,2,miss,prefix,4,29.4
generic,625,2,miss,prefix,8,63.0
generic,625,2,miss,prefix,16,101.4
generic,625,2,miss,prefix,32,171.3
generic,625,2,miss,prefix,64,245.1
generic,625,2,miss,prefix,625,1469.1
generic,625,2,hit,scan,0,312.7
generic,625,2,hit,prefix,1,332.5
generic,625,2,hit,prefix,2,333.9
generic,625,2,hit,prefix,4,340.0
generic,625,2,hit,prefix,8,347.3
generic,625,2,hit,prefix,16,367.8
generic,625,2,hit,prefix,32,418.5
generic,625,2,hit,prefix,64,514.4
generic,625,2,hit,prefix,625,2272.9
generic,625,2,mix,scan,0,156.3
generic,625,2,mix,prefix,1,181.1
generic,625,2,mix,prefix,2,182.0
generic,625,2,mix,prefix,4,191.0
generic,625,2,mix,prefix,8,200.6
generic,625,2,mix,prefix,16,227.6
generic,625,2,mix,prefix,32,270.2
generic,625,2,mix,prefix,64,344.3
generic,625,2,mix,prefix,625,1844.7
generic,625,5,miss,scan,0,5.4
generic,625,5,miss,prefix,1,23.6
generic,625,5,miss,prefix,2,25.9
generic,625,5,miss,prefix,4,29.9
generic,625,5,miss,prefix,8,69.1
generic,625,5,miss,prefix,16,104.9
generic,625,5,miss,prefix,32,174.2
generic,625,5,miss,prefix,64,247.9
generic,625,5,miss,prefix,625,1574.1
generic,625,5,hit,scan,0,327.5
generic,625,5,hit,prefix,1,343.9
generic,625,5,hit,prefix,2,335.6
generic,625,5,hit,prefix,4,343.0
generic,625,5,hit,prefix,8,351.3
generic,625,5,hit,prefix,16,383.1
generic,625,5,hit,prefix,32,437.1
generic,625,5,hit,prefix,64,517.3
generic,625,5,hit,prefix,625,2229.4
generic,625,5,mix,scan,0,167.9
generic,625,5,mix,prefix,1,189.1
generic,625,5,mix,prefix,2,190.4
generic,625,5,mix,prefix,4,193.5
generic,625,5,mix,prefix,8,204.3
generic,625,5,mix,prefix,16,224.3
generic,625,5,mix,prefix,32,260.5
generic,625,5,mix,prefix,64,343.5
generic,625,5,mix,prefix,625,1851.9
generic,625,10,miss,scan,0,9.2
generic,625,10,miss,prefix,1,21.8
generic,625,10,miss,prefix,2,22.7
generic,625,10,miss,prefix,4,33.5
generic,625,10,miss,prefix,8,68.1
generic,625,10,miss,prefix,16,106.4
generic,625,10,miss,prefix,32,176.9
generic,625,10,miss,prefix,64,251.8
generic,625,10,miss,prefix,625,1515.1
generic,625,10,hit,scan,0,316.6
generic,625,10,hit,prefix,1,344.1
generic,625,10,hit,prefix,2,342.7
generic,625,10,hit,prefix,4,342.2
generic,625,10,hit,prefix,8,358.8
generic,625,10,hit,prefix,16,376.8
generic,625,10,hit,prefix,32,428.8
generic,625,10,hit,prefix,64,518.2
generic,625,10,hit,prefix,625,2221.2
generic,625,10,mix,scan,0,154.6
generic,625,10,mix,prefix,1,172.3
generic,625,10,mix,prefix,2,179.4
generic,625,10,mix,prefix,4,181.6
generic,625,10,mix,prefix,8,189.5
generic,625,10,mix,prefix,16,213.2
generic,625,10,mix,prefix,32,251.2
generic,625,10,mix,prefix,64,329.4
generic,625,10,mix,prefix,625,1852.8
generic,625,20,miss,scan,0,16.1
generic,625,20,miss,prefix,1,22.6
generic,625,20,miss,prefix,2,25.6
generic,625,20,miss,prefix,4,31.5
generic,625,20,miss,prefix,8,67.8
generic,625,20,miss,prefix,16,102.6
generic,625,20,miss,prefix,32,175.8
generic,625,20,miss,prefix,64,250.5
generic,625,20,miss,prefix,625,1483.3
generic,625,20,hit,scan,0,318.7
generic,625,20,hit,prefix,1,345.3
generic,625,20,hit,prefix,2,346.6
generic,625,20,hit,prefix,4,351.6
generic,625,20,hit,prefix,8,358.1
generic,625,20,hit,prefix,16,379.9
generic,625,20,hit,prefix,32,429.0
generic,625,20,hit,prefix,64,535.9
generic,625,20,hit,prefix,625,2234.0
generic,625,20,mix,scan,0,158.5
generic,625,20,mix,prefix,1,170.1
generic,625,20,mix,prefix,2,171.6
generic,625,20,mix,prefix,4,175.3
generic,625,20,mix,prefix,8,185.2
generic,625,20,mix,prefix,16,207.3
generic,625,20,mix,prefix,32,246.5
generic,625,20,mix,prefix,64,325.6
generic,625,20,mix,prefix,625,1766.6
generic,625,50,miss,scan,0,46.2
generic,625,50,miss,prefix,1,21.7
generic,625,50,miss,prefix,2,23.7
generic,625,50,miss,prefix,4,30.5
generic,625,50,miss,prefix,8,68.3
generic,625,50,miss,prefix,16,104.2
generic,625,50,miss,prefix,32,172.0
generic,625,50,miss,prefix,64,246.9
generic,625,50,miss,prefix,625,1488.0
generic,625,50,hit,scan,0,351.5
generic,625,50,hit,prefix,1,347.3
generic,625,50,hit,prefix,2,350.6
generic,625,50,hit,prefix,4,352.7
generic,625,50,hit,prefix,8,364.5
generic,625,50,hit,prefix,16,385.6
generic,625,50,hit,prefix,32,436.5
generic,625,50,hit,prefix,64,531.1
generic,625,50,hit,prefix,625,2219.7
generic,625,50,mix,scan,0,197.3
generic,625,50,mix,prefix,1,192.9
generic,625,50,mix,prefix,2,193.0
generic,625,50,mix,prefix,4,199.8
generic,625,50,mix,prefix,8,208.6
generic,625,50,mix,prefix,16,227.9
generic,625,50,mix,prefix,32,273.2
generic,625,50,mix,prefix,64,354.4
generic,625,50,mix,prefix,625,1827.6
generic,625,100,miss,scan,0,80.1
generic,625,100,miss,prefix,1,21.5
generic,625,100,miss,prefix,2,25.0
generic,625,100,miss,prefix,4,31.4
generic,625,100,miss,prefix,8,71.2
generic,625,100,miss,prefix,16,107.1
generic,625,100,miss,prefix,32,175.1
generic,625,100,miss,prefix,64,253.7
generic,625,100,miss,prefix,625,1473.5
generic,625,100,hit,scan,0,346.9
generic,625,100,hit,prefix,1,345.0
generic,625,100,hit,prefix,2,355.3
generic,625,100,hit,prefix,4,359.5
generic,625,100,hit,prefix,8,364.3
generic,625,100,hit,prefix,16,396.3
generic,625,100,hit,prefix,32,446.4
generic,625,100,hit,prefix,64,543.2
generic,625,100,hit,prefix,625,2249.5
generic,625,100,mix,scan,0,220.1
generic,625,100,mix,prefix,1,190.1
generic,625,100,mix,prefix,2,191.7
generic,625,100,mix,prefix,4,199.1
generic,625,100,mix,prefix,8,206.9
generic,625,100,mix,prefix,16,230.0
generic,625,100,mix,prefix,32,273.1
generic,625,100,mix,prefix,64,358.3
generic,625,100,mix,prefix,625,1890.0
generic,625,158,miss,scan,0,115.5
generic,625,158,miss,prefix,1,20.3
generic,625,158,miss,prefix,2,23.0
generic,625,158,miss,prefix,4,30.4
generic,625,158,miss,prefix,8,67.0
generic,625,158,miss,prefix,16,109.7
generic,625,158,miss,prefix,32,174.7
generic,625,158,miss,prefix,64,252.0
generic,625,158,miss,prefix,625,1467.2
generic,625,158,hit,scan,0,373.1
generic,625,158,hit,prefix,1,355.9
generic,625,158,hit,prefix,2,359.4
generic,625,158,hit,prefix,4,362.6
generic,625,158,hit,prefix,8,376.3
generic,625,158,hit,prefix,16,404.3
generic,625,158,hit,prefix,32,456.3
generic,625,158,hit,prefix,64,546.9
generic,625,158,hit,prefix,625,2254.2
generic,625,158,mix,scan,0,240.0
generic,625,158,mix,prefix,1,179.6
generic,625,158,mix,prefix,2,184.2
generic,625,158,mix,prefix,4,189.5
generic,625,158,mix,prefix,8,198.8
generic,625,158,mix,prefix,16,223.0
generic,625,158,mix,prefix,32,263.3
generic,625,158,mix,prefix,64,347.2
generic,625,158,mix,prefix,625,1843.9
generic,625,200,miss,scan,0,148.1
generic,625,200,miss,prefix,1,21.5
generic,625,200,miss,prefix,2,24.4
generic,625,200,miss,prefix,4,30.9
generic,625,200,miss,prefix,8,65.1
generic,625,200,miss,prefix,16,103.6
generic,625,200,miss,prefix,32,173.0
generic,625,200,miss,prefix,64,249.4
generic,625,200,miss,prefix,625,1479.4
generic,625,200,hit,scan,0,389.0
generic,625,200,hit,prefix,1,360.0
generic,625,200,hit,prefix,2,362.0
generic,625,200,hit,prefix,4,370.3
generic,625,200,hit,prefix,8,382.0
generic,625,200,hit,prefix,16,400.7
generic,625,200,hit,prefix,32,456.1
generic,625,200,hit,prefix,64,558.5
generic,625,200,hit,prefix,625,2250.4
generic,625,200,mix,scan,0,262.5
generic,625,200,mix,prefix,1,188.9
generic,625,200,mix,prefix,2,191.7
generic,625,200,mix,prefix,4,196.1
generic,625,200,mix,prefix,8,204.3
generic,625,200,mix,prefix,16,231.8
generic,625,200,mix,prefix,32,269.4
generic,625,200,mix,prefix,64,358.8
generic,625,200,mix,prefix,625,1835.0
generic,625,300,miss,scan,0,228.1
generic,625,300,miss,prefix,1,22.3
generic,625,300,miss,prefix,2,24.6
generic,625,300,miss,prefix,4,30.7
generic,625,300,miss,prefix,8,76.1
generic,625,300,miss,prefix,16,107.5
generic,625,300,miss,prefix,32,171.3
generic,625,300,miss,prefix,64,249.0
generic,625,300,miss,prefix,625,1468.8
generic,625,300,hit,scan,0,432.1
generic,625,300,hit,prefix,1,364.1
generic,625,300,hit,prefix,2,370.5
generic,625,300,hit,prefix,4,373.2
generic,625,300,hit,prefix,8,380.1
generic,625,300,hit,prefix,16,409.8
generic,625,300,hit,prefix,32,458.0
generic,625,300,hit,prefix,64,560.3
generic,625,300,hit,prefix,625,2283.7
generic,625,300,mix,scan,0,338.9
generic,625,300,mix,prefix,1,198.6
generic,625,300,mix,prefix,2,203.4
generic,625,300,mix,prefix,4,209.6
generic,625,300,mix,prefix,8,220.1
generic,625,300,mix,prefix,16,240.5
generic,625,300,mix,prefix,32,286.2
generic,625,300,mix,prefix,64,372.2
generic,625,300,mix,prefix,625,1852.3
generic,625,389,miss,scan,0,303.5
generic,625,389,miss,prefix,1,22.0
generic,625,389,miss,prefix,2,24.9
generic,625,389,miss,prefix,4,30.5
generic,625,389,miss,prefix,8,65.7
generic,625,389,miss,prefix,16,104.2
generic,625,389,miss,prefix,32,174.0
generic,625,389,miss,prefix,64,249.6
generic,625,389,miss,prefix,625,1466.6
generic,625,389,hit,scan,0,474.7
generic,625,389,hit,prefix,1,369.4
generic,625,389,hit,prefix,2,369.9
generic,625,389,hit,prefix,4,379.7
generic,625,389,hit,prefix,8,386.9
generic,625,389,hit,prefix,16,411.6
generic,625,389,hit,prefix,32,467.6
generic,625,389,hit,prefix,64,567.2
generic,625,389,hit,prefix,625,2235.6
generic,625,389,mix,scan,0,398.3
generic,625,389,mix,prefix,1,203.0
generic,625,389,mix,prefix,2,206.8
generic,625,389,mix,prefix,4,211.7
generic,625,389,mix,prefix,8,218.1
generic,625,389,mix,prefix,16,242.4
generic,625,389,mix,prefix,32,285.2
generic,625,389,mix,prefix,64,372.2
generic,625,389,mix,prefix,625,1896.5
generic,625,500,miss,scan,0,415.4
generic,625,500,miss,prefix,1,21.9
generic,625,500,miss,prefix,2,22.6
generic,625,500,miss,prefix,4,30.0
generic,625,500,miss,prefix,8,65.8
generic,625,500,miss,prefix,16,106.3
generic,625,500,miss,prefix,32,175.5
generic,625,500,miss,prefix,64,249.9
generic,625,500,miss,prefix,625,1474.5
generic,625,500,hit,scan,0,521.7
generic,625,500,hit,prefix,1,368.4
generic,625,500,hit,prefix,2,379.2
generic,625,500,hit,prefix,4,376.8
generic,625,500,hit,prefix,8,408.7
generic,625,500,hit,prefix,16,426.0
generic,625,500,hit,prefix,32,479.5
generic,625,500,hit,prefix,64,570.9
generic,625,500,hit,prefix,625,2259.2
generic,625,500,mix,scan,0,481.0
generic,625,500,mix,prefix,1,172.7
generic,625,500,mix,prefix,2,178.3
generic,625,500,mix,prefix,4,190.6
generic,625,500,mix,prefix,8,203.6
generic,625,500,mix,prefix,16,220.1
generic,625,500,mix,prefix,32,272.9
generic,625,500,mix,prefix,64,365.7
generic,625,500,mix,prefix,625,1919.8
generic,625,750,miss,scan,0,740.0
generic,625,750,miss,prefix,1,22.1
generic,625,750,miss,prefix,2,25.8
generic,625,750,miss,prefix,4,32.6
generic,625,750,miss,prefix,8,65.8
generic,625,750,miss,prefix,16,105.2
generic,625,750,miss,prefix,32,174.7
generic,625,750,miss,prefix,64,249.8
generic,625,750,miss,prefix,625,1502.8
generic,625,750,hit,scan,0,697.6
generic,625,750,hit,prefix,1,405.7
generic,625,750,hit,prefix,2,407.7
generic,625,750,hit,prefix,4,385.8
generic,625,750,hit,prefix,8,397.5
generic,625,750,hit,prefix,16,428.3
generic,625,750,hit,prefix,32,488.9
generic,625,750,hit,prefix,64,598.5
generic,625,750,hit,prefix,625,2254.0
generic,625,750,mix,scan,0,676.4
generic,625,750,mix,prefix,1,226.0
generic,625,750,mix,prefix,2,231.0
generic,625,750,mix,prefix,4,228.9
generic,625,750,mix,prefix,8,237.1
generic,625,750,mix,prefix,16,265.6
generic,625,750,mix,prefix,32,312.7
generic,625,750,mix,prefix,64,396.2
generic,625,750,mix,prefix,625,1941.0
generic,625,1000,miss,scan,0,932.6
generic,625,1000,miss,prefix,1,23.6
generic,625,1000,miss,prefix,2,25.0
generic,625,1000,miss,prefix,4,33.8
generic,625,1000,miss,prefix,8,64.6
generic,625,1000,miss,prefix,16,101.5
generic,625,1000,miss,prefix,32,171.2
generic,625,1000,miss,prefix,64,245.4
generic,625,1000,miss,prefix,625,1477.4
generic,625,1000,hit,scan,0,782.3
generic,625,1000,hit,prefix,1,384.7
generic,625,1000,hit,prefix,2,388.1
generic,625,1000,hit,prefix,4,400.2
generic,625,1000,hit,prefix,8,399.5
generic,625,1000,hit,prefix,16,433.6
generic,625,1000,hit,prefix,32,493.7
generic,625,1000,hit,prefix,64,589.0
generic,625,1000,hit,prefix,625,2267.0
generic,625,1000,mix,scan,0,850.0
generic,625,1000,mix,prefix,1,194.5
generic,625,1000,mix,prefix,2,200.6
generic,625,1000,mix,prefix,4,207.8
generic,625,1000,mix,prefix,8,215.6
generic,625,1000,mix,prefix,16,236.6
generic,625,1000,mix,prefix,32,282.4
generic,625,1000,mix,prefix,64,380.1
generic,625,1000,mix,prefix,625,1821.4
generic,625,1500,miss,scan,0,1568.3
generic,625,1500,miss,prefix,1,23.7
generic,625,1500,miss,prefix,2,25.0
generic,625,1500,miss,prefix,4,31.6
generic,625,1500,miss,prefix,8,66.5
generic,625,1500,miss,prefix,16,107.5
generic,625,1500,miss,prefix,32,175.2
generic,625,1500,miss,prefix,64,252.3
generic,625,1500,miss,prefix,625,1484.7
generic,625,1500,hit,scan,0,1006.0
generic,625,1500,hit,prefix,1,384.0
generic,625,1500,hit,prefix,2,386.6
generic,625,1500,hit,prefix,4,396.5
generic,625,1500,hit,prefix,8,403.5
generic,625,1500,hit,prefix,16,435.9
generic,625,1500,hit,prefix,32,498.9
generic,625,1500,hit,prefix,64,596.1
generic,625,1500,hit,prefix,625,2218.7
generic,625,1500,mix,scan,0,1334.6
generic,625,1500,mix,prefix,1,209.4
generic,625,1500,mix,prefix,2,213.7
generic,625,1500,mix,prefix,4,220.4
generic,625,1500,mix,prefix,8,228.2
generic,625,1500,mix,prefix,16,248.3
generic,625,1500,mix,prefix,32,296.6
generic,625,1500,mix,prefix,64,404.5
generic,625,1500,mix,prefix,625,1918.2
generic,625,2000,miss,scan,0,3310.1
generic,625,2000,miss,prefix,1,22.1
generic,625,2000,miss,prefix,2,25.3
generic,625,2000,miss,prefix,4,31.2
generic,625,2000,miss,prefix,8,64.9
generic,625,2000,miss,prefix,16,107.8
generic,625,2000,miss,prefix,32,175.0
generic,625,2000,miss,prefix,64,252.2
generic,625,2000,miss,prefix,625,1513.9
generic,625,2000,hit,scan,0,1473.5
generic,625,2000,hit,prefix,1,387.1
generic,625,2000,hit,prefix,2,393.3
generic,625,2000,hit,prefix,4,401.3
generic,625,2000,hit,prefix,8,406.9
generic,625,2000,hit,prefix,16,437.3
generic,625,2000,hit,prefix,32,501.6
generic,625,2000,hit,prefix,64,596.6
generic,625,2000,hit,prefix,625,2392.8
generic,625,2000,mix,scan,0,2319.5
generic,625,2000,mix,prefix,1,206.2
generic,625,2000,mix,prefix,2,213.6
generic,625,2000,mix,prefix,4,220.9
generic,625,2000,mix,prefix,8,230.6
generic,625,2000,mix,prefix,16,256.6
generic,625,2000,mix,prefix,32,297.8
generic,625,2000,mix,prefix,64,387.0
generic,625,2000,mix,prefix,625,1877.2
generic,3600,1,miss,scan,0,2.2
generic,3600,1,miss,prefix,1,20.0
generic,3600,1,miss,prefix,2,21.5
generic,3600,1,miss,prefix,4,26.7
generic,3600,1,miss,prefix,8,67.7
generic,3600,1,miss,prefix,16,98.8
generic,3600,1,miss,prefix,32,168.2
generic,3600,1,miss,prefix,64,154.0
generic,3600,1,miss,prefix,3600,12029.0
generic,3600,1,hit,scan,0,1730.0
generic,3600,1,hit,prefix,1,1781.6
generic,3600,1,hit,prefix,2,1740.8
generic,3600,1,hit,prefix,4,1762.2
generic,3600,1,hit,prefix,8,1750.3
generic,3600,1,hit,prefix,16,1812.8
generic,3600,1,hit,prefix,32,1827.4
generic,3600,1,hit,prefix,64,2018.0
generic,3600,1,hit,prefix,3600,13008.9
generic,3600,1,mix,scan,0,870.4
generic,3600,1,mix,prefix,1,896.3
generic,3600,1,mix,prefix,2,896.7
generic,3600,1,mix,prefix,4,908.4
generic,3600,1,mix,prefix,8,908.1
generic,3600,1,mix,prefix,16,933.2
generic,3600,1,mix,prefix,32,974.4
generic,3600,1,mix,prefix,64,1070.9
generic,3600,1,mix,prefix,3600,11149.7
generic,3600,2,miss,scan,0,3.1
generic,3600,2,miss,prefix,1,21.5
generic,3600,2,miss,prefix,2,22.2
generic,3600,2,miss,prefix,4,27.1
generic,3600,2,miss,prefix,8,68.1
generic,3600,2,miss,prefix,16,98.7
generic,3600,2,miss,prefix,32,170.6
generic,3600,2,miss,prefix,64,155.3
generic,3600,2,miss,prefix,3600,9023.4
generic,3600,2,hit,scan,0,1702.8
generic,3600,2,hit,prefix,1,1772.6
generic,3600,2,hit,prefix,2,1759.5
generic,3600,2,hit,prefix,4,1794.8
generic,3600,2,hit,prefix,8,1755.8
generic,3600,2,hit,prefix,16,1786.7
generic,3600,2,hit,prefix,32,1848.1
generic,3600,2,hit,prefix,64,1934.3
generic,3600,2,hit,prefix,3600,13044.0
generic,3600,2,mix,scan,0,1005.8
generic,3600,2,mix,prefix,1,1022.6
generic,3600,2,mix,prefix,2,1026.8
generic,3600,2,mix,prefix,4,1038.0
generic,3600,2,mix,prefix,8,1039.7
generic,3600,2,mix,prefix,16,1057.2
generic,3600,2,mix,prefix,32,1102.4
generic,3600,2,mix,prefix,64,1205.6
generic,3600,2,mix,prefix,3600,11331.8
generic,3600,5,miss,scan,0,5.3
generic,3600,5,miss,prefix,1,22.4
generic,3600,5,miss,prefix,2,25.4
generic,3600,5,miss,prefix,4,30.8
generic,3600,5,miss,prefix,8,61.2
generic,3600,5,miss,prefix,16,102.5
generic,3600,5,miss,prefix,32,171.8
generic,3600,5,miss,prefix,64,250.0
generic,3600,5,miss,prefix,3600,9110.9
generic,3600,5,hit,scan,0,1739.5
generic,3600,5,hit,prefix,1,1745.5
generic,3600,5,hit,prefix,2,1751.9
generic,3600,5,hit,prefix,4,1749.3
generic,3600,5,hit,prefix,8,1783.6
generic,3600,5,hit,prefix,16,1807.2
generic,3600,5,hit,prefix,32,1841.2
generic,3600,5,hit,prefix,64,1980.1
generic,3600,5,hit,prefix,3600,13409.2
generic,3600,5,mix,scan,0,914.1
generic,3600,5,mix,prefix,1,954.2
generic,3600,5,mix,prefix,2,956.8
generic,3600,5,mix,prefix,4,967.0
generic,3600,5,mix,prefix,8,974.1
generic,3600,5,mix,prefix,16,980.4
generic,3600,5,mix,prefix,32,1033.4
generic,3600,5,mix,prefix,64,1128.6
generic,3600,5,mix,prefix,3600,11280.7
generic,3600,10,miss,scan,0,8.4
generic,3600,10,miss,prefix,1,20.1
generic,3600,10,miss,prefix,2,22.6
generic,3600,10,miss,prefix,4,30.3
generic,3600,10,miss,prefix,8,64.3
generic,3600,10,miss,prefix,16,106.7
generic,3600,10,miss,prefix,32,174.9
generic,3600,10,miss,prefix,64,252.3
generic,3600,10,miss,prefix,3600,8963.6
generic,3600,10,hit,scan,0,1741.5
generic,3600,10,hit,prefix,1,1752.5
generic,3600,10,hit,prefix,2,1816.3
generic,3600,10,hit,prefix,4,1781.4
generic,3600,10,hit,prefix,8,1879.8
generic,3600,10,hit,prefix,16,1795.5
generic,3600,10,hit,prefix,32,1878.8
generic,3600,10,hit,prefix,64,1965.5
generic,3600,10,hit,prefix,3600,13265.8
generic,3600,10,mix,scan,0,820.0
generic,3600,10,mix,prefix,1,850.9
generic,3600,10,mix,prefix,2,835.5
generic,3600,10,mix,prefix,4,836.3
generic,3600,10,mix,prefix,8,866.2
generic,3600,10,mix,prefix,16,867.4
generic,3600,10,mix,prefix,32,924.8
generic,3600,10,mix,prefix,64,1029.3
generic,3600,10,mix,prefix,3600,11144.6
generic,3600,20,miss,scan,0,15.3
generic,3600,20,miss,prefix,1,23.0
generic,3600,20,miss,prefix,2,24.2
generic,3600,20,miss,prefix,4,29.6
generic,3600,20,miss,prefix,8,65.1
generic,3600,20,miss,prefix,16,101.8
generic,3600,20,miss,prefix,32,174.0
generic,3600,20,miss,prefix,64,257.1
generic,3600,20,miss,prefix,3600,9094.0
generic,3600,20,hit,scan,0,1775.0
generic,3600,20,hit,prefix,1,1804.5
generic,3600,20,hit,prefix,2,1930.7
generic,3600,20,hit,prefix,4,1813.0
generic,3600,20,hit,prefix,8,1787.5
generic,3600,20,hit,prefix,16,1961.2
generic,3600,20,hit,prefix,32,2024.2
generic,3600,20,hit,prefix,64,2072.6
generic,3600,20,hit,prefix,3600,13159.3
generic,3600,20,mix,scan,0,915.8
generic,3600,20,mix,prefix,1,930.2
generic,3600,20,mix,prefix,2,933.4
generic,3600,20,mix,prefix,4,941.8
generic,3600,20,mix,prefix,8,944.1
generic,3600,20,mix,prefix,16,975.3
generic,3600,20,mix,prefix,32,1018.6
generic,3600,20,mix,prefix,64,1106.3
generic,3600,20,mix,prefix,3600,11407.3
generic,3600,50,miss,scan,0,44.6
generic,3600,50,miss,prefix,1,21.3
generic,3600,50,miss,prefix,2,24.0
generic,3600,50,miss,prefix,4,28.9
generic,3600,50,miss,prefix,8,61.7
generic,3600,50,miss,prefix,16,99.0
generic,3600,50,miss,prefix,32,170.3
generic,3600,50,miss,prefix,64,249.0
generic,3600,50,miss,prefix,3600,8935.0
generic,3600,50,hit,scan,0,1787.6
generic,3600,50,hit,prefix,1,1827.6
generic,3600,50,hit,prefix,2,1814.8
generic,3600,50,hit,prefix,4,1992.4
generic,3600,50,hit,prefix,8,2015.8
generic,3600,50,hit,prefix,16,2088.1
generic,3600,50,hit,prefix,32,1958.4
generic,3600,50,hit,prefix,64,2070.1
generic,3600,50,hit,prefix,3600,13635.9
generic,3600,50,mix,scan,0,947.7
generic,3600,50,mix,prefix,1,955.8
generic,3600,50,mix,prefix,2,980.7
generic,3600,50,mix,prefix,4,971.4
generic,3600,50,mix,prefix,8,1016.4
generic,3600,50,mix,prefix,16,1057.5
generic,3600,50,mix,prefix,32,1108.1
generic,3600,50,mix,prefix,64,1208.5
generic,3600,50,mix,prefix,3600,11956.6
generic,3600,100,miss,scan,0,79.4
generic,3600,100,miss,prefix,1,21.4
generic,3600,100,miss,prefix,2,25.0
generic,3600,100,miss,prefix,4,32.4
generic,3600,100,miss,prefix,8,64.3
generic,3600,100,miss,prefix,16,105.4
generic,3600,100,miss,prefix,32,173.9
generic,3600,100,miss,prefix,64,254.5
generic,3600,100,miss,prefix,3600,9065.8
generic,3600,100,hit,scan,0,1937.4
generic,3600,100,hit,prefix,1,1959.8
generic,3600,100,hit,prefix,2,1961.8
generic,3600,100,hit,prefix,4,1950.6
generic,3600,100,hit,prefix,8,1954.2
generic,3600,100,hit,prefix,16,1971.7
generic,3600,100,hit,prefix,32,2068.3
generic,3600,100,hit,prefix,64,2197.9
generic,3600,100,hit,prefix,3600,13880.8
generic,3600,100,mix,scan,0,947.9
generic,3600,100,mix,prefix,1,914.4
generic,3600,100,mix,prefix,2,927.5
generic,3600,100,mix,prefix,4,928.8
generic,3600,100,mix,prefix,8,957.5
generic,3600,100,mix,prefix,16,968.7
generic,3600,100,mix,prefix,32,1002.5
generic,3600,100,mix,prefix,64,1102.6
generic,3600,100,mix,prefix,3600,11455.9
generic,3600,158,miss,scan,0,117.5
generic,3600,158,miss,prefix,1,20.2
generic,3600,158,miss,prefix,2,23.1
generic,3600,158,miss,prefix,4,29.1
generic,3600,158,miss,prefix,8,62.3
generic,3600,158,miss,prefix,16,108.1
generic,3600,158,miss,prefix,32,174.8
generic,3600,158,miss,prefix,64,252.4
generic,3600,158,miss,prefix,3600,9050.0
generic,3600,158,hit,scan,0,2008.1
generic,3600,158,hit,prefix,1,2070.1
generic,3600,158,hit,prefix,2,2043.0
generic,3600,158,hit,prefix,4,2071.1
generic,3600,158,hit,prefix,8,2113.9
generic,3600,158,hit,prefix,16,2091.5
generic,3600,158,hit,prefix,32,2245.6
generic,3600,158,hit,prefix,64,2242.5
generic,3600,158,hit,prefix,3600,13762.6
generic,3600,158,mix,scan,0,968.4
generic,3600,158,mix,prefix,1,938.2
generic,3600,158,mix,prefix,2,935.8
generic,3600,158,mix,prefix,4,944.3
generic,3600,158,mix,prefix,8,952.8
generic,3600,158,mix,prefix,16,971.8
generic,3600,158,mix,prefix,32,998.8
generic,3600,158,mix,prefix,64,1122.0
generic,3600,158,mix,prefix,3600,11642.4
generic,3600,200,miss,scan,0,144.7
generic,3600,200,miss,prefix,1,21.7
generic,3600,200,miss,prefix,2,23.1
generic,3600,200,miss,prefix,4,30.0
generic,3600,200,miss,prefix,8,69.1
generic,3600,200,miss,prefix,16,101.5
generic,3600,200,miss,prefix,32,177.8
generic,3600,200,miss,prefix,64,154.5
generic,3600,200,miss,prefix,3600,8860.1
generic,3600,200,hit,scan,0,2138.4
generic,3600,200,hit,prefix,1,2199.1
generic,3600,200,hit,prefix,2,2084.5
generic,3600,200,hit,prefix,4,2151.7
generic,3600,200,hit,prefix,8,2130.3
generic,3600,200,hit,prefix,16,2188.2
generic,3600,200,hit,prefix,32,2172.7
generic,3600,200,hit,prefix,64,2296.3
generic,3600,200,hit,prefix,3600,14125.3
generic,3600,200,mix,scan,0,846.2
generic,3600,200,mix,prefix,1,744.8
generic,3600,200,mix,prefix,2,747.8
generic,3600,200,mix,prefix,4,751.5
generic,3600,200,mix,prefix,8,756.3
generic,3600,200,mix,prefix,16,785.6
generic,3600,200,mix,prefix,32,852.1
generic,3600,200,mix,prefix,64,930.9
generic,3600,200,mix,prefix,3600,11346.2
generic,3600,300,miss,scan,0,215.4
generic,3600,300,miss,prefix,1,22.3
generic,3600,300,miss,prefix,2,23.8
generic,3600,300,miss,prefix,4,30.5
generic,3600,300,miss,prefix,8,61.1
generic,3600,300,miss,prefix,16,103.4
generic,3600,300,miss,prefix,32,170.9
generic,3600,300,miss,prefix,64,246.8
generic,3600,300,miss,prefix,3600,9031.2
generic,3600,300,hit,scan,0,2637.8
generic,3600,300,hit,prefix,1,2504.3
generic,3600,300,hit,prefix,2,2195.8
generic,3600,300,hit,prefix,4,2151.3
generic,3600,300,hit,prefix,8,2131.5
generic,3600,300,hit,prefix,16,2158.3
generic,3600,300,hit,prefix,32,2324.7
generic,3600,300,hit,prefix,64,2533.2
generic,3600,300,hit,prefix,3600,14618.5
generic,3600,300,mix,scan,0,939.7
generic,3600,300,mix,prefix,1,791.8
generic,3600,300,mix,prefix,2,799.5
generic,3600,300,mix,prefix,4,802.8
generic,3600,300,mix,prefix,8,817.0
generic,3600,300,mix,prefix,16,837.4
generic,3600,300,mix,prefix,32,887.6
generic,3600,300,mix,prefix,64,961.7
generic,3600,300,mix,prefix,3600,11008.3
generic,3600,389,miss,scan,0,339.8
generic,3600,389,miss,prefix,1,22.4
generic,3600,389,miss,prefix,2,24.8
generic,3600,389,miss,prefix,4,29.1
generic,3600,389,miss,prefix,8,68.0
generic,3600,389,miss,prefix,16,98.6
generic,3600,389,miss,prefix,32,163.2
generic,3600,389,miss,prefix,64,173.7
generic,3600,389,miss,prefix,3600,9553.3
generic,3600,389,hit,scan,0,2168.2
generic,3600,389,hit,prefix,1,2087.6
generic,3600,389,hit,prefix,2,2134.4
generic,3600,389,hit,prefix,4,2102.5
generic,3600,389,hit,prefix,8,2195.7
generic,3600,389,hit,prefix,16,2187.0
generic,3600,389,hit,prefix,32,2257.6
generic,3600,389,hit,prefix,64,2342.6
generic,3600,389,hit,prefix,3600,13932.5
generic,3600,389,mix,scan,0,1142.8
generic,3600,389,mix,prefix,1,932.3
generic,3600,389,mix,prefix,2,942.3
generic,3600,389,mix,prefix,4,958.1
generic,3600,389,mix,prefix,8,941.6
generic,3600,389,mix,prefix,16,982.3
generic,3600,389,mix,prefix,32,1034.0
generic,3600,389,mix,prefix,64,1117.5
generic,3600,389,mix,prefix,3600,11403.8
generic,3600,500,miss,scan,0,468.9
generic,3600,500,miss,prefix,1,21.4
generic,3600,500,miss,prefix,2,24.7
generic,3600,500,miss,prefix,4,30.5
generic,3600,500,miss,prefix,8,61.4
generic,3600,500,miss,prefix,16,105.2
generic,3600,500,miss,prefix,32,174.2
generic,3600,500,miss,prefix,64,256.1
generic,3600,500,miss,prefix,3600,9095.2
generic,3600,500,hit,scan,0,2380.2
generic,3600,500,hit,prefix,1,2152.9
generic,3600,500,hit,prefix,2,2161.9
generic,3600,500,hit,prefix,4,2284.0
generic,3600,500,hit,prefix,8,2166.5
generic,3600,500,hit,prefix,16,2191.1
generic,3600,500,hit,prefix,32,2292.1
generic,3600,500,hit,prefix,64,2422.1
generic,3600,500,hit,prefix,3600,14019.3
generic,3600,500,mix,scan,0,1250.5
generic,3600,500,mix,prefix,1,960.2
generic,3600,500,mix,prefix,2,963.2
generic,3600,500,mix,prefix,4,969.3
generic,3600,500,mix,prefix,8,975.5
generic,3600,500,mix,prefix,16,1000.3
generic,3600,500,mix,prefix,32,1053.4
generic,3600,500,mix,prefix,64,1125.6
generic,3600,500,mix,prefix,3600,11469.4
generic,3600,750,miss,scan,0,701.8
generic,3600,750,miss,prefix,1,21.1
generic,3600,750,miss,prefix,2,24.0
generic,3600,750,miss,prefix,4,30.0
generic,3600,750,miss,prefix,8,68.7
generic,3600,750,miss,prefix,16,99.8
generic,3600,750,miss,prefix,32,170.4
generic,3600,750,miss,prefix,64,153.2
generic,3600,750,miss,prefix,3600,8861.6
generic,3600,750,hit,scan,0,2487.3
generic,3600,750,hit,prefix,1,2235.1
generic,3600,750,hit,prefix,2,2202.0
generic,3600,750,hit,prefix,4,2315.3
generic,3600,750,hit,prefix,8,2701.5
generic,3600,750,hit,prefix,16,2667.0
generic,3600,750,hit,prefix,32,2838.1
generic,3600,750,hit,prefix,64,2663.4
generic,3600,750,hit,prefix,3600,14124.3
generic,3600,750,mix,scan,0,1397.9
generic,3600,750,mix,prefix,1,922.9
generic,3600,750,mix,prefix,2,939.6
generic,3600,750,mix,prefix,4,952.0
generic,3600,750,mix,prefix,8,968.3
generic,3600,750,mix,prefix,16,966.9
generic,3600,750,mix,prefix,32,1010.0
generic,3600,750,mix,prefix,64,1102.6
generic,3600,750,mix,prefix,3600,11385.4
generic,3600,1000,miss,scan,0,954.1
generic,3600,1000,miss,prefix,1,22.9
generic,3600,1000,miss,prefix,2,24.9
generic,3600,1000,miss,prefix,4,31.0
generic,3600,1000,miss,prefix,8,62.7
generic,3600,1000,miss,prefix,16,103.1
generic,3600,1000,miss,prefix,32,172.9
generic,3600,1000,miss,prefix,64,261.7
generic,3600,1000,miss,prefix,3600,8791.4
generic,3600,1000,hit,scan,0,2694.5
generic,3600,1000,hit,prefix,1,2272.8
generic,3600,1000,hit,prefix,2,2229.7
generic,3600,1000,hit,prefix,4,2285.5
generic,3600,1000,hit,prefix,8,2305.2
generic,3600,1000,hit,prefix,16,2381.9
generic,3600,1000,hit,prefix,32,2456.9
generic,3600,1000,hit,prefix,64,2537.2
generic,3600,1000,hit,prefix,3600,14249.7
generic,3600,1000,mix,scan,0,1614.5
generic,3600,1000,mix,prefix,1,958.9
generic,3600,1000,mix,prefix,2,968.0
generic,3600,1000,mix,prefix,4,972.6
generic,3600,1000,mix,prefix,8,969.4
generic,3600,1000,mix,prefix,16,986.6
generic,3600,1000,mix,prefix,32,1041.6
generic,3600,1000,mix,prefix,64,1127.1
generic,3600,1000,mix,prefix,3600,11762.3
generic,3600,1500,miss,scan,0,1508.2
generic,3600,1500,miss,prefix,1,23.3
generic,3600,1500,miss,prefix,2,25.1
generic,3600,1500,miss,prefix,4,29.8
generic,3600,1500,miss,prefix,8,63.3
generic,3600,1500,miss,prefix,16,105.8
generic,3600,1500,miss,prefix,32,173.6
generic,3600,1500,miss,prefix,64,272.2
generic,3600,1500,miss,prefix,3600,9051.2
generic,3600,1500,hit,scan,0,2992.8
generic,3600,1500,hit,prefix,1,2255.0
generic,3600,1500,hit,prefix,2,2339.9
generic,3600,1500,hit,prefix,4,2301.9
generic,3600,1500,hit,prefix,8,2301.8
generic,3600,1500,hit,prefix,16,2278.0
generic,3600,1500,hit,prefix,32,2379.9
generic,3600,1500,hit,prefix,64,2561.8
generic,3600,1500,hit,prefix,3600,14237.9
generic,3600,1500,mix,scan,0,2041.7
generic,3600,1500,mix,prefix,1,926.0
generic,3600,1500,mix,prefix,2,942.3
generic,3600,1500,mix,prefix,4,945.8
generic,3600,1500,mix,prefix,8,958.7
generic,3600,1500,mix,prefix,16,966.8
generic,3600,1500,mix,prefix,32,1017.4
generic,3600,1500,mix,prefix,64,1127.7
generic,3600,1500,mix,prefix,3600,11453.8
generic,3600,2000,miss,scan,0,2591.5
generic,3600,2000,miss,prefix,1,21.4
generic,3600,2000,miss,prefix,2,24.3
generic,3600,2000,miss,prefix,4,30.3
generic,3600,2000,miss,prefix,8,62.6
generic,3600,2000,miss,prefix,16,105.6
generic,3600,2000,miss,prefix,32,174.6
generic,3600,2000,miss,prefix,64,276.3
generic,3600,2000,miss,prefix,3600,9060.4
generic,3600,2000,hit,scan,0,3438.9
generic,3600,2000,hit,prefix,1,2284.5
generic,3600,2000,hit,prefix,2,2264.4
generic,3600,2000,hit,prefix,4,2333.9
generic,3600,2000,hit,prefix,8,2359.4
generic,3600,2000,hit,prefix,16,2405.6
generic,3600,2000,hit,prefix,32,2459.5
generic,3600,2000,hit,prefix,64,2558.3
generic,3600,2000,hit,prefix,3600,14242.7
generic,3600,2000,mix,scan,0,2710.1
generic,3600,2000,mix,prefix,1,913.6
generic,3600,2000,mix,prefix,2,925.1
generic,3600,2000,mix,prefix,4,929.1
generic,3600,2000,mix,prefix,8,941.8
generic,3600,2000,mix,prefix,16,961.9
generic,3600,2000,mix,prefix,32,1023.3
generic,3600,2000,mix,prefix,64,1098.5
generic,3600,2000,mix,prefix,3600,11401.7
generic,3000,1,miss,scan,0,2.3
generic,3000,1,miss,prefix,1,19.1
generic,3000,1,miss,prefix,2,21.7
generic,3000,1,miss,prefix,4,28.5
generic,3000,1,miss,prefix,8,68.2
generic,3000,1,miss,prefix,16,97.7
generic,3000,1,miss,prefix,32,169.4
generic,3000,1,miss,prefix,64,152.9
generic,3000,1,miss,prefix,3000,7257.6
generic,3000,1,hit,scan,0,1403.3
generic,3000,1,hit,prefix,1,1435.8
generic,3000,1,hit,prefix,2,1444.7
generic,3000,1,hit,prefix,4,1464.5
generic,3000,1,hit,prefix,8,1458.8
generic,3000,1,hit,prefix,16,1489.6
generic,3000,1,hit,prefix,32,1532.4
generic,3000,1,hit,prefix,64,1633.0
generic,3000,1,hit,prefix,3000,10827.8
generic,3000,1,mix,scan,0,743.8
generic,3000,1,mix,prefix,1,767.3
generic,3000,1,mix,prefix,2,770.4
generic,3000,1,mix,prefix,4,776.5
generic,3000,1,mix,prefix,8,787.2
generic,3000,1,mix,prefix,16,811.3
generic,3000,1,mix,prefix,32,845.1
generic,3000,1,mix,prefix,64,930.7
generic,3000,1,mix,prefix,3000,9189.0
generic,3000,2,miss,scan,0,3.2
generic,3000,2,miss,prefix,1,20.4
generic,3000,2,miss,prefix,2,22.7
generic,3000,2,miss,prefix,4,28.7
generic,3000,2,miss,prefix,8,69.2
generic,3000,2,miss,prefix,16,100.0
generic,3000,2,miss,prefix,32,169.8
generic,3000,2,miss,prefix,64,153.1
generic,3000,2,miss,prefix,3000,7174.6
generic,3000,2,hit,scan,0,1481.7
generic,3000,2,hit,prefix,1,1502.1
generic,3000,2,hit,prefix,2,1447.4
generic,3000,2,hit,prefix,4,1464.0
generic,3000,2,hit,prefix,8,1463.6
generic,3000,2,hit,prefix,16,1484.6
generic,3000,2,hit,prefix,32,1538.3
generic,3000,2,hit,prefix,64,1640.0
generic,3000,2,hit,prefix,3000,10608.0
generic,3000,2,mix,scan,0,720.8
generic,3000,2,mix,prefix,1,752.4
generic,3000,2,mix,prefix,2,753.2
generic,3000,2,mix,prefix,4,758.7
generic,3000,2,mix,prefix,8,767.0
generic,3000,2,mix,prefix,16,790.4
generic,3000,2,mix,prefix,32,836.9
generic,3000,2,mix,prefix,64,913.4
generic,3000,2,mix,prefix,3000,8988.5
generic,3000,5,miss,scan,0,5.7
generic,3000,5,miss,prefix,1,22.0
generic,3000,5,miss,prefix,2,25.5
generic,3000,5,miss,prefix,4,32.7
generic,3000,5,miss,prefix,8,61.5
generic,3000,5,miss,prefix,16,103.0
generic,3000,5,miss,prefix,32,173.1
generic,3000,5,miss,prefix,64,246.3
generic,3000,5,miss,prefix,3000,7139.0
generic,3000,5,hit,scan,0,1444.6
generic,3000,5,hit,prefix,1,1471.3
generic,3000,5,hit,prefix,2,1461.9
generic,3000,5,hit,prefix,4,1486.1
generic,3000,5,hit,prefix,8,1477.3
generic,3000,5,hit,prefix,16,1502.6
generic,3000,5,hit,prefix,32,1553.8
generic,3000,5,hit,prefix,64,1656.1
generic,3000,5,hit,prefix,3000,10922.5
generic,3000,5,mix,scan,0,721.5
generic,3000,5,mix,prefix,1,743.5
generic,3000,5,mix,prefix,2,747.8
generic,3000,5,mix,prefix,4,756.2
generic,3000,5,mix,prefix,8,767.4
generic,3000,5,mix,prefix,16,786.9
generic,3000,5,mix,prefix,32,829.7
generic,3000,5,mix,prefix,64,910.9
generic,3000,5,mix,prefix,3000,9097.8
generic,3000,10,miss,scan,0,9.4
generic,3000,10,miss,prefix,1,21.0
generic,3000,10,miss,prefix,2,24.3
generic,3000,10,miss,prefix,4,30.3
generic,3000,10,miss,prefix,8,61.4
generic,3000,10,miss,prefix,16,107.4
generic,3000,10,miss,prefix,32,177.8
generic,3000,10,miss,prefix,64,248.3
generic,3000,10,miss,prefix,3000,7233.4
generic,3000,10,hit,scan,0,1413.2
generic,3000,10,hit,prefix,1,1457.1
generic,3000,10,hit,prefix,2,1462.3
generic,3000,10,hit,prefix,4,1478.8
generic,3000,10,hit,prefix,8,1482.7
generic,3000,10,hit,prefix,16,1506.2
generic,3000,10,hit,prefix,32,1560.6
generic,3000,10,hit,prefix,64,1656.2
generic,3000,10,hit,prefix,3000,10720.0
generic,3000,10,mix,scan,0,708.1
generic,3000,10,mix,prefix,1,734.7
generic,3000,10,mix,prefix,2,736.2
generic,3000,10,mix,prefix,4,745.4
generic,3000,10,mix,prefix,8,751.9
generic,3000,10,mix,prefix,16,773.8
generic,3000,10,mix,prefix,32,816.2
generic,3000,10,mix,prefix,64,898.6
generic,3000,10,mix,prefix,3000,9149.7
generic,3000,20,miss,scan,0,16.0
generic,3000,20,miss,prefix,1,22.7
generic,3000,20,miss,prefix,2,25.3
generic,3000,20,miss,prefix,4,32.4
generic,3000,20,miss,prefix,8,73.0
generic,3000,20,miss,prefix,16,104.1
generic,3000,20,miss,prefix,32,172.8
generic,3000,20,miss,prefix,64,153.9
generic,3000,20,miss,prefix,3000,7208.8
generic,3000,20,hit,scan,0,1437.1
generic,3000,20,hit,prefix,1,1475.9
generic,3000,20,hit,prefix,2,1477.7
generic,3000,20,hit,prefix,4,1481.1
generic,3000,20,hit,prefix,8,1513.7
generic,3000,20,hit,prefix,16,1568.4
generic,3000,20,hit,prefix,32,1581.2
generic,3000,20,hit,prefix,64,1668.5
generic,3000,20,hit,prefix,3000,10753.0
generic,3000,20,mix,scan,0,642.7
generic,3000,20,mix,prefix,1,656.9
generic,3000,20,mix,prefix,2,664.6
generic,3000,20,mix,prefix,4,667.0
generic,3000,20,mix,prefix,8,676.0
generic,3000,20,mix,prefix,16,697.6
generic,3000,20,mix,prefix,32,741.9
generic,3000,20,mix,prefix,64,819.7
generic,3000,20,mix,prefix,3000,8760.8
generic,3000,50,miss,scan,0,45.6
generic,3000,50,miss,prefix,1,21.2
generic,3000,50,miss,prefix,2,23.7
generic,3000,50,miss,prefix,4,31.6
generic,3000,50,miss,prefix,8,61.1
generic,3000,50,miss,prefix,16,102.4
generic,3000,50,miss,prefix,32,175.1
generic,3000,50,miss,prefix,64,246.3
generic,3000,50,miss,prefix,3000,7229.9
generic,3000,50,hit,scan,0,1472.0
generic,3000,50,hit,prefix,1,1514.8
generic,3000,50,hit,prefix,2,1492.9
generic,3000,50,hit,prefix,4,1513.4
generic,3000,50,hit,prefix,8,1509.8
generic,3000,50,hit,prefix,16,1544.8
generic,3000,50,hit,prefix,32,1599.6
generic,3000,50,hit,prefix,64,1714.4
generic,3000,50,hit,prefix,3000,10830.8
generic,3000,50,mix,scan,0,866.2
generic,3000,50,mix,prefix,1,877.2
generic,3000,50,mix,prefix,2,877.0
generic,3000,50,mix,prefix,4,882.8
generic,3000,50,mix,prefix,8,897.7
generic,3000,50,mix,prefix,16,914.7
generic,3000,50,mix,prefix,32,961.7
generic,3000,50,mix,prefix,64,1071.2
generic,3000,50,mix,prefix,3000,9622.3
generic,3000,100,miss,scan,0,86.0
generic,3000,100,miss,prefix,1,22.5
generic,3000,100,miss,prefix,2,25.6
generic,3000,100,miss,prefix,4,31.7
generic,3000,100,miss,prefix,8,61.5
generic,3000,100,miss,prefix,16,105.2
generic,3000,100,miss,prefix,32,175.2
generic,3000,100,miss,prefix,64,251.7
generic,3000,100,miss,prefix,3000,7347.3
generic,3000,100,hit,scan,0,1534.2
generic,3000,100,hit,prefix,1,1524.6
generic,3000,100,hit,prefix,2,1547.1
generic,3000,100,hit,prefix,4,1571.9
generic,3000,100,hit,prefix,8,1572.4
generic,3000,100,hit,prefix,16,1576.8
generic,3000,100,hit,prefix,32,1631.3
generic,3000,100,hit,prefix,64,1743.4
generic,3000,100,hit,prefix,3000,11140.3
generic,3000,100,mix,scan,0,766.8
generic,3000,100,mix,prefix,1,740.5
generic,3000,100,mix,prefix,2,745.6
generic,3000,100,mix,prefix,4,743.8
generic,3000,100,mix,prefix,8,756.3
generic,3000,100,mix,prefix,16,789.9
generic,3000,100,mix,prefix,32,827.1
generic,3000,100,mix,prefix,64,918.3
generic,3000,100,mix,prefix,3000,9057.1
generic,3000,158,miss,scan,0,136.7
generic,3000,158,miss,prefix,1,20.8
generic,3000,158,miss,prefix,2,23.2
generic,3000,158,miss,prefix,4,30.0
generic,3000,158,miss,prefix,8,68.5
generic,3000,158,miss,prefix,16,109.7
generic,3000,158,miss,prefix,32,171.2
generic,3000,158,miss,prefix,64,157.2
generic,3000,158,miss,prefix,3000,7236.3
generic,3000,158,hit,scan,0,1578.1
generic,3000,158,hit,prefix,1,1595.7
generic,3000,158,hit,prefix,2,1573.6
generic,3000,158,hit,prefix,4,1609.0
generic,3000,158,hit,prefix,8,1597.1
generic,3000,158,hit,prefix,16,1629.5
generic,3000,158,hit,prefix,32,1710.6
generic,3000,158,hit,prefix,64,1799.2
generic,3000,158,hit,prefix,3000,11251.3
generic,3000,158,mix,scan,0,825.6
generic,3000,158,mix,prefix,1,750.7
generic,3000,158,mix,prefix,2,754.9
generic,3000,158,mix,prefix,4,762.2
generic,3000,158,mix,prefix,8,771.9
generic,3000,158,mix,prefix,16,791.2
generic,3000,158,mix,prefix,32,841.0
generic,3000,158,mix,prefix,64,930.8
generic,3000,158,mix,prefix,3000,9120.7
generic,3000,200,miss,scan,0,167.7
generic,3000,200,miss,prefix,1,22.3
generic,3000,200,miss,prefix,2,24.4
generic,3000,200,miss,prefix,4,30.9
generic,3000,200,miss,prefix,8,69.9
generic,3000,200,miss,prefix,16,102.8
generic,3000,200,miss,prefix,32,171.7
generic,3000,200,miss,prefix,64,167.7
generic,3000,200,miss,prefix,3000,7342.8
generic,3000,200,hit,scan,0,1618.9
generic,3000,200,hit,prefix,1,1608.0
generic,3000,200,hit,prefix,2,1635.6
generic,3000,200,hit,prefix,4,1620.0
generic,3000,200,hit,prefix,8,1720.3
generic,3000,200,hit,prefix,16,1647.3
generic,3000,200,hit,prefix,32,1719.7
generic,3000,200,hit,prefix,64,1835.5
generic,3000,200,hit,prefix,3000,11261.8
generic,3000,200,mix,scan,0,921.9
generic,3000,200,mix,prefix,1,856.8
generic,3000,200,mix,prefix,2,824.7
generic,3000,200,mix,prefix,4,810.3
generic,3000,200,mix,prefix,8,829.8
generic,3000,200,mix,prefix,16,846.9
generic,3000,200,mix,prefix,32,897.3
generic,3000,200,mix,prefix,64,991.8
generic,3000,200,mix,prefix,3000,9558.7
generic,3000,300,miss,scan,0,240.5
generic,3000,300,miss,prefix,1,23.1
generic,3000,300,miss,prefix,2,24.8
generic,3000,300,miss,prefix,4,31.3
generic,3000,300,miss,prefix,8,72.5
generic,3000,300,miss,prefix,16,102.1
generic,3000,300,miss,prefix,32,171.8
generic,3000,300,miss,prefix,64,154.7
generic,3000,300,miss,prefix,3000,7330.0
generic,3000,300,hit,scan,0,1694.5
generic,3000,300,hit,prefix,1,1641.9
generic,3000,300,hit,prefix,2,1715.6
generic,3000,300,hit,prefix,4,1647.9
generic,3000,300,hit,prefix,8,1660.9
generic,3000,300,hit,prefix,16,1684.5
generic,3000,300,hit,prefix,32,1757.4
generic,3000,300,hit,prefix,64,1873.3
generic,3000,300,hit,prefix,3000,11312.3
generic,3000,300,mix,scan,0,852.5
generic,3000,300,mix,prefix,1,703.3
generic,3000,300,mix,prefix,2,707.1
generic,3000,300,mix,prefix,4,713.6
generic,3000,300,mix,prefix,8,720.1
generic,3000,300,mix,prefix,16,752.0
generic,3000,300,mix,prefix,32,800.8
generic,3000,300,mix,prefix,64,886.1
generic,3000,300,mix,prefix,3000,9246.7
generic,3000,389,miss,scan,0,308.2
generic,3000,389,miss,prefix,1,22.1
generic,3000,389,miss,prefix,2,24.6
generic,3000,389,miss,prefix,4,31.6
generic,3000,389,miss,prefix,8,61.2
generic,3000,389,miss,prefix,16,104.2
generic,3000,389,miss,prefix,32,173.0
generic,3000,389,miss,prefix,64,265.6
generic,3000,389,miss,prefix,3000,7280.1
generic,3000,389,hit,scan,0,1745.0
generic,3000,389,hit,prefix,1,1669.5
generic,3000,389,hit,prefix,2,1677.8
generic,3000,389,hit,prefix,4,1652.0
generic,3000,389,hit,prefix,8,1684.0
generic,3000,389,hit,prefix,16,1724.0
generic,3000,389,hit,prefix,32,1794.8
generic,3000,389,hit,prefix,64,1908.5
generic,3000,389,hit,prefix,3000,11515.7
generic,3000,389,mix,scan,0,946.6
generic,3000,389,mix,prefix,1,749.6
generic,3000,389,mix,prefix,2,750.8
generic,3000,389,mix,prefix,4,753.3
generic,3000,389,mix,prefix,8,767.0
generic,3000,389,mix,prefix,16,794.5
generic,3000,389,mix,prefix,32,837.5
generic,3000,389,mix,prefix,64,928.6
generic,3000,389,mix,prefix,3000,9354.7
generic,3000,500,miss,scan,0,389.0
generic,3000,500,miss,prefix,1,20.8
generic,3000,500,miss,prefix,2,24.1
generic,3000,500,miss,prefix,4,31.2
generic,3000,500,miss,prefix,8,72.8
generic,3000,500,miss,prefix,16,107.1
generic,3000,500,miss,prefix,32,175.0
generic,3000,500,miss,prefix,64,158.8
generic,3000,500,miss,prefix,3000,7221.5
generic,3000,500,hit,scan,0,1829.4
generic,3000,500,hit,prefix,1,1738.1
generic,3000,500,hit,prefix,2,1698.2
generic,3000,500,hit,prefix,4,1714.5
generic,3000,500,hit,prefix,8,1739.3
generic,3000,500,hit,prefix,16,1763.3
generic,3000,500,hit,prefix,32,1834.4
generic,3000,500,hit,prefix,64,1962.2
generic,3000,500,hit,prefix,3000,11562.1
generic,3000,500,mix,scan,0,1048.9
generic,3000,500,mix,prefix,1,772.7
generic,3000,500,mix,prefix,2,781.3
generic,3000,500,mix,prefix,4,788.6
generic,3000,500,mix,prefix,8,814.5
generic,3000,500,mix,prefix,16,820.0
generic,3000,500,mix,prefix,32,865.1
generic,3000,500,mix,prefix,64,951.0
generic,3000,500,mix,prefix,3000,9301.0
generic,3000,750,miss,scan,0,693.9
generic,3000,750,miss,prefix,1,22.5
generic,3000,750,miss,prefix,2,23.2
generic,3000,750,miss,prefix,4,30.0
generic,3000,750,miss,prefix,8,70.4
generic,3000,750,miss,prefix,16,100.9
generic,3000,750,miss,prefix,32,171.5
generic,3000,750,miss,prefix,64,154.9
generic,3000,750,miss,prefix,3000,7213.0
generic,3000,750,hit,scan,0,2022.3
generic,3000,750,hit,prefix,1,1709.0
generic,3000,750,hit,prefix,2,1733.3
generic,3000,750,hit,prefix,4,1705.2
generic,3000,750,hit,prefix,8,1716.7
generic,3000,750,hit,prefix,16,1770.5
generic,3000,750,hit,prefix,32,1865.0
generic,3000,750,hit,prefix,64,1975.3
generic,3000,750,hit,prefix,3000,11592.3
generic,3000,750,mix,scan,0,1224.2
generic,3000,750,mix,prefix,1,747.6
generic,3000,750,mix,prefix,2,753.0
generic,3000,750,mix,prefix,4,769.5
generic,3000,750,mix,prefix,8,773.2
generic,3000,750,mix,prefix,16,800.7
generic,3000,750,mix,prefix,32,850.2
generic,3000,750,mix,prefix,64,934.1
generic,3000,750,mix,prefix,3000,9388.7
generic,3000,1000,miss,scan,0,955.1
generic,3000,1000,miss,prefix,1,22.2
generic,3000,1000,miss,prefix,2,24.6
generic,3000,1000,miss,prefix,4,31.5
generic,3000,1000,miss,prefix,8,71.7
generic,3000,1000,miss,prefix,16,104.1
generic,3000,1000,miss,prefix,32,172.4
generic,3000,1000,miss,prefix,64,157.5
generic,3000,1000,miss,prefix,3000,7191.9
generic,3000,1000,hit,scan,0,2239.8
generic,3000,1000,hit,prefix,1,1757.8
generic,3000,1000,hit,prefix,2,1781.8
generic,3000,1000,hit,prefix,4,1784.3
generic,3000,1000,hit,prefix,8,1795.2
generic,3000,1000,hit,prefix,16,1831.9
generic,3000,1000,hit,prefix,32,1932.2
generic,3000,1000,hit,prefix,64,2001.9
generic,3000,1000,hit,prefix,3000,11632.3
generic,3000,1000,mix,scan,0,1393.1
generic,3000,1000,mix,prefix,1,694.9
generic,3000,1000,mix,prefix,2,691.8
generic,3000,1000,mix,prefix,4,701.6
generic,3000,1000,mix,prefix,8,710.7
generic,3000,1000,mix,prefix,16,734.7
generic,3000,1000,mix,prefix,32,781.4
generic,3000,1000,mix,prefix,64,867.8
generic,3000,1000,mix,prefix,3000,9292.6
generic,3000,1500,miss,scan,0,1579.2
generic,3000,1500,miss,prefix,1,23.2
generic,3000,1500,miss,prefix,2,26.4
generic,3000,1500,miss,prefix,4,32.1
generic,3000,1500,miss,prefix,8,73.0
generic,3000,1500,miss,prefix,16,104.8
generic,3000,1500,miss,prefix,32,174.7
generic,3000,1500,miss,prefix,64,158.0
generic,3000,1500,miss,prefix,3000,7216.0
generic,3000,1500,hit,scan,0,2597.3
generic,3000,1500,hit,prefix,1,1812.4
generic,3000,1500,hit,prefix,2,1838.2
generic,3000,1500,hit,prefix,4,1815.3
generic,3000,1500,hit,prefix,8,1855.5
generic,3000,1500,hit,prefix,16,1925.7
generic,3000,1500,hit,prefix,32,1947.5
generic,3000,1500,hit,prefix,64,2077.1
generic,3000,1500,hit,prefix,3000,11751.9
generic,3000,1500,mix,scan,0,3734.8
generic,3000,1500,mix,prefix,1,1399.2
generic,3000,1500,mix,prefix,2,1391.0
generic,3000,1500,mix,prefix,4,868.4
generic,3000,1500,mix,prefix,8,803.0
generic,3000,1500,mix,prefix,16,813.0
generic,3000,1500,mix,prefix,32,869.9
generic,3000,1500,mix,prefix,64,942.2
generic,3000,1500,mix,prefix,3000,9404.3
generic,3000,2000,miss,scan,0,3050.9
generic,3000,2000,miss,prefix,1,22.2
generic,3000,2000,miss,prefix,2,24.5
generic,3000,2000,miss,prefix,4,31.4
generic,3000,2000,miss,prefix,8,75.1
generic,3000,2000,miss,prefix,16,105.6
generic,3000,2000,miss,prefix,32,171.2
generic,3000,2000,miss,prefix,64,178.9
generic,3000,2000,miss,prefix,3000,7311.1
generic,3000,2000,hit,scan,0,3160.2
generic,3000,2000,hit,prefix,1,1821.6
generic,3000,2000,hit,prefix,2,1838.3
generic,3000,2000,hit,prefix,4,1817.3
generic,3000,2000,hit,prefix,8,1825.4
generic,3000,2000,hit,prefix,16,1843.5
generic,3000,2000,hit,prefix,32,1938.7
generic,3000,2000,hit,prefix,64,2081.2
generic,3000,2000,hit,prefix,3000,11724.4
generic,3000,2000,mix,scan,0,2969.7
generic,3000,2000,mix,prefix,1,852.5
generic,3000,2000,mix,prefix,2,850.9
generic,3000,2000,mix,prefix,4,855.7
generic,3000,2000,mix,prefix,8,865.5
generic,3000,2000,mix,prefix,16,886.2
generic,3000,2000,mix,prefix,32,945.6
generic,3000,2000,mix,prefix,64,1045.6
generic,3000,2000,mix,prefix,3000,9605.4
permutation,625,1,miss,scan,0,7.2
permutation,625,1,miss,prefix,1,32.5
permutation,625,1,miss,prefix,2,38.3
permutation,625,1,miss,prefix,4,48.7
permutation,625,1,miss,prefix,8,79.2
permutation,625,1,miss,prefix,16,159.1
permutation,625,1,miss,prefix,32,282.1
permutation,625,1,miss,prefix,64,398.8
permutation,625,1,miss,prefix,625,3608.1
permutation,625,1,hit,scan,0,80.7
permutation,625,1,hit,prefix,1,104.7
permutation,625,1,hit,prefix,2,109.5
permutation,625,1,hit,prefix,4,120.2
permutation,625,1,hit,prefix,8,139.0
permutation,625,1,hit,prefix,16,188.1
permutation,625,1,hit,prefix,32,256.7
permutation,625,1,hit,prefix,64,488.9
permutation,625,1,hit,prefix,625,3752.3
permutation,625,1,mix,scan,0,45.6
permutation,625,1,mix,prefix,1,73.0
permutation,625,1,mix,prefix,2,77.4
permutation,625,1,mix,prefix,4,89.0
permutation,625,1,mix,prefix,8,100.9
permutation,625,1,mix,prefix,16,153.5
permutation,625,1,mix,prefix,32,235.9
permutation,625,1,mix,prefix,64,457.3
permutation,625,1,mix,prefix,625,3744.2
permutation,625,2,miss,scan,0,12.3
permutation,625,2,miss,prefix,1,41.0
permutation,625,2,miss,prefix,2,46.1
permutation,625,2,miss,prefix,4,59.3
permutation,625,2,miss,prefix,8,90.2
permutation,625,2,miss,prefix,16,160.8
permutation,625,2,miss,prefix,32,281.1
permutation,625,2,miss,prefix,64,393.2
permutation,625,2,miss,prefix,625,3607.9
permutation,625,2,hit,scan,0,86.8
permutation,625,2,hit,prefix,1,113.2
permutation,625,2,hit,prefix,2,117.1
permutation,625,2,hit,prefix,4,128.4
permutation,625,2,hit,prefix,8,136.5
permutation,625,2,hit,prefix,16,199.9
permutation,625,2,hit,prefix,32,290.4
permutation,625,2,hit,prefix,64,495.2
permutation,625,2,hit,prefix,625,3820.4
permutation,625,2,mix,scan,0,49.0
permutation,625,2,mix,prefix,1,76.5
permutation,625,2,mix,prefix,2,81.9
permutation,625,2,mix,prefix,4,93.7
permutation,625,2,mix,prefix,8,110.6
permutation,625,2,mix,prefix,16,156.4
permutation,625,2,mix,prefix,32,240.7
permutation,625,2,mix,prefix,64,462.6
permutation,625,2,mix,prefix,625,3798.9
permutation,625,5,miss,scan,0,27.0
permutation,625,5,miss,prefix,1,56.0
permutation,625,5,miss,prefix,2,60.4
permutation,625,5,miss,prefix,4,68.6
permutation,625,5,miss,prefix,8,80.8
permutation,625,5,miss,prefix,16,155.6
permutation,625,5,miss,prefix,32,287.6
permutation,625,5,miss,prefix,64,402.4
permutation,625,5,miss,prefix,625,3663.8
permutation,625,5,hit,scan,0,91.8
permutation,625,5,hit,prefix,1,121.0
permutation,625,5,hit,prefix,2,125.9
permutation,625,5,hit,prefix,4,137.9
permutation,625,5,hit,prefix,8,154.6
permutation,625,5,hit,prefix,16,205.7
permutation,625,5,hit,prefix,32,282.6
permutation,625,5,hit,prefix,64,509.5
permutation,625,5,hit,prefix,625,3937.1
permutation,625,5,mix,scan,0,58.8
permutation,625,5,mix,prefix,1,86.8
permutation,625,5,mix,prefix,2,92.5
permutation,625,5,mix,prefix,4,103.9
permutation,625,5,mix,prefix,8,117.1
permutation,625,5,mix,prefix,16,160.4
permutation,625,5,mix,prefix,32,244.2
permutation,625,5,mix,prefix,64,445.6
permutation,625,5,mix,prefix,625,3854.5
permutation,625,10,miss,scan,0,54.8
permutation,625,10,miss,prefix,1,81.1
permutation,625,10,miss,prefix,2,84.9
permutation,625,10,miss,prefix,4,94.4
permutation,625,10,miss,prefix,8,96.6
permutation,625,10,miss,prefix,16,125.2
permutation,625,10,miss,prefix,32,205.7
permutation,625,10,miss,prefix,64,419.3
permutation,625,10,miss,prefix,625,3597.2
permutation,625,10,hit,scan,0,102.7
permutation,625,10,hit,prefix,1,131.9
permutation,625,10,hit,prefix,2,137.8
permutation,625,10,hit,prefix,4,151.2
permutation,625,10,hit,prefix,8,165.1
permutation,625,10,hit,prefix,16,205.7
permutation,625,10,hit,prefix,32,285.8
permutation,625,10,hit,prefix,64,505.8
permutation,625,10,hit,prefix,625,4061.2
permutation,625,10,mix,scan,0,80.5
permutation,625,10,mix,prefix,1,110.7
permutation,625,10,mix,prefix,2,115.6
permutation,625,10,mix,prefix,4,128.3
permutation,625,10,mix,prefix,8,135.6
permutation,625,10,mix,prefix,16,172.5
permutation,625,10,mix,prefix,32,255.0
permutation,625,10,mix,prefix,64,454.8
permutation,625,10,mix,prefix,625,3896.9
permutation,625,20,miss,scan,0,108.3
permutation,625,20,miss,prefix,1,137.6
permutation,625,20,miss,prefix,2,137.6
permutation,625,20,miss,prefix,4,142.8
permutation,625,20,miss,prefix,8,135.2
permutation,625,20,miss,prefix,16,147.0
permutation,625,20,miss,prefix,32,214.3
permutation,625,20,miss,prefix,64,425.2
permutation,625,20,miss,prefix,625,3589.3
permutation,625,20,hit,scan,0,130.6
permutation,625,20,hit,prefix,1,164.0
permutation,625,20,hit,prefix,2,166.8
permutation,625,20,hit,prefix,4,176.7
permutation,625,20,hit,prefix,8,185.2
permutation,625,20,hit,prefix,16,213.5
permutation,625,20,hit,prefix,32,295.5
permutation,625,20,hit,prefix,64,512.5
permutation,625,20,hit,prefix,625,4074.5
permutation,625,20,mix,scan,0,118.9
permutation,625,20,mix,prefix,1,150.1
permutation,625,20,mix,prefix,2,154.7
permutation,625,20,mix,prefix,4,164.2
permutation,625,20,mix,prefix,8,161.1
permutation,625,20,mix,prefix,16,185.9
permutation,625,20,mix,prefix,32,261.5
permutation,625,20,mix,prefix,64,461.8
permutation,625,20,mix,prefix,625,3938.1
permutation,625,50,miss,scan,0,260.8
permutation,625,50,miss,prefix,1,281.9
permutation,625,50,miss,prefix,2,264.0
permutation,625,50,miss,prefix,4,235.2
permutation,625,50,miss,prefix,8,200.8
permutation,625,50,miss,prefix,16,172.3
permutation,625,50,miss,prefix,32,233.7
permutation,625,50,miss,prefix,64,402.7
permutation,625,50,miss,prefix,625,3618.3
permutation,625,50,hit,scan,0,209.7
permutation,625,50,hit,prefix,1,238.4
permutation,625,50,hit,prefix,2,225.4
permutation,625,50,hit,prefix,4,232.5
permutation,625,50,hit,prefix,8,225.8
permutation,625,50,hit,prefix,16,234.9
permutation,625,50,hit,prefix,32,317.0
permutation,625,50,hit,prefix,64,518.5
permutation,625,50,hit,prefix,625,4087.1
permutation,625,50,mix,scan,0,232.9
permutation,625,50,mix,prefix,1,253.3
permutation,625,50,mix,prefix,2,236.3
permutation,625,50,mix,prefix,4,231.1
permutation,625,50,mix,prefix,8,211.0
permutation,625,50,mix,prefix,16,202.3
permutation,625,50,mix,prefix,32,274.3
permutation,625,50,mix,prefix,64,453.0
permutation,625,50,mix,prefix,625,3876.7
permutation,625,100,miss,scan,0,539.2
permutation,625,100,miss,prefix,1,574.7
permutation,625,100,miss,prefix,2,520.0
permutation,625,100,miss,prefix,4,452.8
permutation,625,100,miss,prefix,8,353.7
permutation,625,100,miss,prefix,16,231.8
permutation,625,100,miss,prefix,32,248.1
permutation,625,100,miss,prefix,64,392.3
permutation,625,100,miss,prefix,625,3591.3
permutation,625,100,hit,scan,0,323.4
permutation,625,100,hit,prefix,1,355.7
permutation,625,100,hit,prefix,2,330.1
permutation,625,100,hit,prefix,4,314.7
permutation,625,100,hit,prefix,8,290.0
permutation,625,100,hit,prefix,16,260.8
permutation,625,100,hit,prefix,32,329.4
permutation,625,100,hit,prefix,64,530.5
permutation,625,100,hit,prefix,625,4148.7
permutation,625,100,mix,scan,0,459.4
permutation,625,100,mix,prefix,1,484.4
permutation,625,100,mix,prefix,2,449.9
permutation,625,100,mix,prefix,4,395.6
permutation,625,100,mix,prefix,8,342.5
permutation,625,100,mix,prefix,16,251.4
permutation,625,100,mix,prefix,32,291.5
permutation,625,100,mix,prefix,64,460.0
permutation,625,100,mix,prefix,625,3864.5
permutation,625,158,miss,scan,0,949.4
permutation,625,158,miss,prefix,1,1012.3
permutation,625,158,miss,prefix,2,924.2
permutation,625,158,miss,prefix,4,763.3
permutation,625,158,miss,prefix,8,500.6
permutation,625,158,miss,prefix,16,297.9
permutation,625,158,miss,prefix,32,266.9
permutation,625,158,miss,prefix,64,392.5
permutation,625,158,miss,prefix,625,3617.2
permutation,625,158,hit,scan,0,488.2
permutation,625,158,hit,prefix,1,541.2
permutation,625,158,hit,prefix,2,479.2
permutation,625,158,hit,prefix,4,428.7
permutation,625,158,hit,prefix,8,350.5
permutation,625,158,hit,prefix,16,287.4
permutation,625,158,hit,prefix,32,334.8
permutation,625,158,hit,prefix,64,532.4
permutation,625,158,hit,prefix,625,4129.4
permutation,625,158,mix,scan,0,769.9
permutation,625,158,mix,prefix,1,852.2
permutation,625,158,mix,prefix,2,774.4
permutation,625,158,mix,prefix,4,650.4
permutation,625,158,mix,prefix,8,463.0
permutation,625,158,mix,prefix,16,306.0
permutation,625,158,mix,prefix,32,302.1
permutation,625,158,mix,prefix,64,454.3
permutation,625,158,mix,prefix,625,3872.1
permutation,625,200,miss,scan,0,1280.9
permutation,625,200,miss,prefix,1,1383.7
permutation,625,200,miss,prefix,2,1253.7
permutation,625,200,miss,prefix,4,1061.3
permutation,625,200,miss,prefix,8,682.2
permutation,625,200,miss,prefix,16,352.4
permutation,625,200,miss,prefix,32,275.6
permutation,625,200,miss,prefix,64,387.8
permutation,625,200,miss,prefix,625,3620.6
permutation,625,200,hit,scan,0,679.4
permutation,625,200,hit,prefix,1,740.3
permutation,625,200,hit,prefix,2,672.5
permutation,625,200,hit,prefix,4,582.8
permutation,625,200,hit,prefix,8,444.6
permutation,625,200,hit,prefix,16,322.5
permutation,625,200,hit,prefix,32,348.8
permutation,625,200,hit,prefix,64,531.8
permutation,625,200,hit,prefix,625,4148.5
permutation,625,200,mix,scan,0,958.2
permutation,625,200,mix,prefix,1,1034.2
permutation,625,200,mix,prefix,2,922.8
permutation,625,200,mix,prefix,4,772.1
permutation,625,200,mix,prefix,8,544.1
permutation,625,200,mix,prefix,16,333.5
permutation,625,200,mix,prefix,32,320.0
permutation,625,200,mix,prefix,64,468.4
permutation,625,200,mix,prefix,625,3873.0
permutation,625,300,miss,scan,0,2146.8
permutation,625,300,miss,prefix,1,2225.6
permutation,625,300,miss,prefix,2,2019.5
permutation,625,300,miss,prefix,4,1713.5
permutation,625,300,miss,prefix,8,1183.8
permutation,625,300,miss,prefix,16,502.0
permutation,625,300,miss,prefix,32,299.5
permutation,625,300,miss,prefix,64,388.4
permutation,625,300,miss,prefix,625,3551.9
permutation,625,300,hit,scan,0,1030.5
permutation,625,300,hit,prefix,1,1084.4
permutation,625,300,hit,prefix,2,1000.9
permutation,625,300,hit,prefix,4,842.8
permutation,625,300,hit,prefix,8,628.2
permutation,625,300,hit,prefix,16,397.0
permutation,625,300,hit,prefix,32,362.2
permutation,625,300,hit,prefix,64,542.2
permutation,625,300,hit,prefix,625,4177.1
permutation,625,300,mix,scan,0,1702.0
permutation,625,300,mix,prefix,1,1758.1
permutation,625,300,mix,prefix,2,1612.8
permutation,625,300,mix,prefix,4,1377.0
permutation,625,300,mix,prefix,8,921.8
permutation,625,300,mix,prefix,16,445.2
permutation,625,300,mix,prefix,32,339.8
permutation,625,300,mix,prefix,64,471.4
permutation,625,300,mix,prefix,625,3912.1
permutation,625,389,miss,scan,0,2942.7
permutation,625,389,miss,prefix,1,2879.0
permutation,625,389,miss,prefix,2,2659.5
permutation,625,389,miss,prefix,4,2271.1
permutation,625,389,miss,prefix,8,1549.1
permutation,625,389,miss,prefix,16,630.9
permutation,625,389,miss,prefix,32,330.0
permutation,625,389,miss,prefix,64,399.2
permutation,625,389,miss,prefix,625,3578.7
permutation,625,389,hit,scan,0,1457.4
permutation,625,389,hit,prefix,1,1521.4
permutation,625,389,hit,prefix,2,1402.7
permutation,625,389,hit,prefix,4,1190.8
permutation,625,389,hit,prefix,8,888.6
permutation,625,389,hit,prefix,16,484.5
permutation,625,389,hit,prefix,32,377.2
permutation,625,389,hit,prefix,64,547.8
permutation,625,389,hit,prefix,625,4207.7
permutation,625,389,mix,scan,0,2199.5
permutation,625,389,mix,prefix,1,2268.6
permutation,625,389,mix,prefix,2,2094.6
permutation,625,389,mix,prefix,4,1723.9
permutation,625,389,mix,prefix,8,1202.8
permutation,625,389,mix,prefix,16,598.5
permutation,625,389,mix,prefix,32,365.2
permutation,625,389,mix,prefix,64,474.5
permutation,625,389,mix,prefix,625,3879.0
permutation,625,500,miss,scan,0,4053.4
permutation,625,500,miss,prefix,1,4108.2
permutation,625,500,miss,prefix,2,3778.2
permutation,625,500,miss,prefix,4,3244.8
permutation,625,500,miss,prefix,8,2238.9
permutation,625,500,miss,prefix,16,899.4
permutation,625,500,miss,prefix,32,367.5
permutation,625,500,miss,prefix,64,399.8
permutation,625,500,miss,prefix,625,3623.4
permutation,625,500,hit,scan,0,1918.1
permutation,625,500,hit,prefix,1,1986.5
permutation,625,500,hit,prefix,2,1812.6
permutation,625,500,hit,prefix,4,1598.8
permutation,625,500,hit,prefix,8,1140.7
permutation,625,500,hit,prefix,16,563.6
permutation,625,500,hit,prefix,32,395.1
permutation,625,500,hit,prefix,64,562.2
permutation,625,500,hit,prefix,625,4221.8
permutation,625,500,mix,scan,0,2986.5
permutation,625,500,mix,prefix,1,3046.9
permutation,625,500,mix,prefix,2,2818.2
permutation,625,500,mix,prefix,4,2424.3
permutation,625,500,mix,prefix,8,1658.9
permutation,625,500,mix,prefix,16,728.1
permutation,625,500,mix,prefix,32,402.6
permutation,625,500,mix,prefix,64,487.9
permutation,625,500,mix,prefix,625,3923.0
permutation,625,750,miss,scan,0,6210.9
permutation,625,750,miss,prefix,1,6192.5
permutation,625,750,miss,prefix,2,5615.3
permutation,625,750,miss,prefix,4,4675.7
permutation,625,750,miss,prefix,8,3319.7
permutation,625,750,miss,prefix,16,1242.1
permutation,625,750,miss,prefix,32,434.0
permutation,625,750,miss,prefix,64,400.8
permutation,625,750,miss,prefix,625,3595.8
permutation,625,750,hit,scan,0,3175.0
permutation,625,750,hit,prefix,1,3228.3
permutation,625,750,hit,prefix,2,3031.4
permutation,625,750,hit,prefix,4,2612.2
permutation,625,750,hit,prefix,8,1802.6
permutation,625,750,hit,prefix,16,824.9
permutation,625,750,hit,prefix,32,440.8
permutation,625,750,hit,prefix,64,571.1
permutation,625,750,hit,prefix,625,4246.2
permutation,625,750,mix,scan,0,4593.2
permutation,625,750,mix,prefix,1,4732.8
permutation,625,750,mix,prefix,2,4473.0
permutation,625,750,mix,prefix,4,3996.9
permutation,625,750,mix,prefix,8,2689.1
permutation,625,750,mix,prefix,16,1003.9
permutation,625,750,mix,prefix,32,440.9
permutation,625,750,mix,prefix,64,496.6
permutation,625,750,mix,prefix,625,3980.9
permutation,625,1000,miss,scan,0,8901.6
permutation,625,1000,miss,prefix,1,8857.1
permutation,625,1000,miss,prefix,2,8358.6
permutation,625,1000,miss,prefix,4,7072.5
permutation,625,1000,miss,prefix,8,5070.0
permutation,625,1000,miss,prefix,16,1771.4
permutation,625,1000,miss,prefix,32,567.6
permutation,625,1000,miss,prefix,64,409.8
permutation,625,1000,miss,prefix,625,3577.7
permutation,625,1000,hit,scan,0,4171.3
permutation,625,1000,hit,prefix,1,4245.1
permutation,625,1000,hit,prefix,2,3993.1
permutation,625,1000,hit,prefix,4,3652.6
permutation,625,1000,hit,prefix,8,2565.5
permutation,625,1000,hit,prefix,16,933.0
permutation,625,1000,hit,prefix,32,491.0
permutation,625,1000,hit,prefix,64,577.1
permutation,625,1000,hit,prefix,625,4231.7
permutation,625,1000,mix,scan,0,7023.5
permutation,625,1000,mix,prefix,1,6985.2
permutation,625,1000,mix,prefix,2,6438.3
permutation,625,1000,mix,prefix,4,5422.5
permutation,625,1000,mix,prefix,8,3790.4
permutation,625,1000,mix,prefix,16,1388.1
permutation,625,1000,mix,prefix,32,543.4
permutation,625,1000,mix,prefix,64,500.4
permutation,625,1000,mix,prefix,625,3899.8
permutation,625,1500,miss,scan,0,14931.8
permutation,625,1500,miss,prefix,1,15314.7
permutation,625,1500,miss,prefix,2,14013.3
permutation,625,1500,miss,prefix,4,12298.4
permutation,625,1500,miss,prefix,8,8559.3
permutation,625,1500,miss,prefix,16,2984.9
permutation,625,1500,miss,prefix,32,806.6
permutation,625,1500,miss,prefix,64,424.6
permutation,625,1500,miss,prefix,625,3595.4
permutation,625,1500,hit,scan,0,6883.3
permutation,625,1500,hit,prefix,1,6974.9
permutation,625,1500,hit,prefix,2,6462.8
permutation,625,1500,hit,prefix,4,5343.2
permutation,625,1500,hit,prefix,8,3737.2
permutation,625,1500,hit,prefix,16,1747.8
permutation,625,1500,hit,prefix,32,606.9
permutation,625,1500,hit,prefix,64,596.0
permutation,625,1500,hit,prefix,625,4343.4
permutation,625,1500,mix,scan,0,11064.1
permutation,625,1500,mix,prefix,1,11540.2
permutation,625,1500,mix,prefix,2,10614.4
permutation,625,1500,mix,prefix,4,9142.8
permutation,625,1500,mix,prefix,8,6553.0
permutation,625,1500,mix,prefix,16,2222.5
permutation,625,1500,mix,prefix,32,714.5
permutation,625,1500,mix,prefix,64,508.2
permutation,625,1500,mix,prefix,625,3972.2
permutation,625,2000,miss,scan,0,25792.8
permutation,625,2000,miss,prefix,1,25136.4
permutation,625,2000,miss,prefix,2,23479.7
permutation,625,2000,miss,prefix,4,19457.1
permutation,625,2000,miss,prefix,8,12919.0
permutation,625,2000,miss,prefix,16,4808.5
permutation,625,2000,miss,prefix,32,1125.1
permutation,625,2000,miss,prefix,64,437.5
permutation,625,2000,miss,prefix,625,3604.5
permutation,625,2000,hit,scan,0,11963.3
permutation,625,2000,hit,prefix,1,12014.9
permutation,625,2000,hit,prefix,2,11233.6
permutation,625,2000,hit,prefix,4,9663.9
permutation,625,2000,hit,prefix,8,6764.7
permutation,625,2000,hit,prefix,16,2687.2
permutation,625,2000,hit,prefix,32,787.5
permutation,625,2000,hit,prefix,64,608.0
permutation,625,2000,hit,prefix,625,4276.0
permutation,625,2000,mix,scan,0,16124.3
permutation,625,2000,mix,prefix,1,15073.2
permutation,625,2000,mix,prefix,2,13980.9
permutation,625,2000,mix,prefix,4,11933.9
permutation,625,2000,mix,prefix,8,7836.6
permutation,625,2000,mix,prefix,16,3014.0
permutation,625,2000,mix,prefix,32,881.0
permutation,625,2000,mix,prefix,64,537.3
permutation,625,2000,mix,prefix,625,4026.8
permutation,3600,1,miss,scan,0,7.3
permutation,3600,1,miss,prefix,1,33.3
permutation,3600,1,miss,prefix,2,38.9
permutation,3600,1,miss,prefix,4,49.5
permutation,3600,1,miss,prefix,8,84.1
permutation,3600,1,miss,prefix,16,154.7
permutation,3600,1,miss,prefix,32,247.3
permutation,3600,1,miss,prefix,64,365.0
permutation,3600,1,miss,prefix,3600,17821.1
permutation,3600,1,hit,scan,0,171.1
permutation,3600,1,hit,prefix,1,195.1
permutation,3600,1,hit,prefix,2,199.1
permutation,3600,1,hit,prefix,4,210.1
permutation,3600,1,hit,prefix,8,230.2
permutation,3600,1,hit,prefix,16,286.3
permutation,3600,1,hit,prefix,32,382.4
permutation,3600,1,hit,prefix,64,556.3
permutation,3600,1,hit,prefix,3600,20456.2
permutation,3600,1,mix,scan,0,99.1
permutation,3600,1,mix,prefix,1,125.7
permutation,3600,1,mix,prefix,2,130.3
permutation,3600,1,mix,prefix,4,143.1
permutation,3600,1,mix,prefix,8,161.0
permutation,3600,1,mix,prefix,16,204.9
permutation,3600,1,mix,prefix,32,293.4
permutation,3600,1,mix,prefix,64,465.3
permutation,3600,1,mix,prefix,3600,19189.3
permutation,3600,2,miss,scan,0,12.4
permutation,3600,2,miss,prefix,1,40.8
permutation,3600,2,miss,prefix,2,47.1
permutation,3600,2,miss,prefix,4,57.5
permutation,3600,2,miss,prefix,8,90.9
permutation,3600,2,miss,prefix,16,169.5
permutation,3600,2,miss,prefix,32,265.6
permutation,3600,2,miss,prefix,64,364.8
permutation,3600,2,miss,prefix,3600,17882.6
permutation,3600,2,hit,scan,0,177.8
permutation,3600,2,hit,prefix,1,203.0
permutation,3600,2,hit,prefix,2,207.4
permutation,3600,2,hit,prefix,4,217.8
permutation,3600,2,hit,prefix,8,237.4
permutation,3600,2,hit,prefix,16,284.6
permutation,3600,2,hit,prefix,32,377.6
permutation,3600,2,hit,prefix,64,557.2
permutation,3600,2,hit,prefix,3600,20398.3
permutation,3600,2,mix,scan,0,95.3
permutation,3600,2,mix,prefix,1,124.4
permutation,3600,2,mix,prefix,2,131.2
permutation,3600,2,mix,prefix,4,142.3
permutation,3600,2,mix,prefix,8,160.5
permutation,3600,2,mix,prefix,16,207.8
permutation,3600,2,mix,prefix,32,283.6
permutation,3600,2,mix,prefix,64,462.3
permutation,3600,2,mix,prefix,3600,19215.5
permutation,3600,5,miss,scan,0,27.2
permutation,3600,5,miss,prefix,1,56.8
permutation,3600,5,miss,prefix,2,62.1
permutation,3600,5,miss,prefix,4,71.1
permutation,3600,5,miss,prefix,8,88.1
permutation,3600,5,miss,prefix,16,130.1
permutation,3600,5,miss,prefix,32,256.1
permutation,3600,5,miss,prefix,64,375.7
permutation,3600,5,miss,prefix,3600,18060.7
permutation,3600,5,hit,scan,0,185.0
permutation,3600,5,hit,prefix,1,215.7
permutation,3600,5,hit,prefix,2,218.3
permutation,3600,5,hit,prefix,4,231.0
permutation,3600,5,hit,prefix,8,248.6
permutation,3600,5,hit,prefix,16,292.2
permutation,3600,5,hit,prefix,32,381.0
permutation,3600,5,hit,prefix,64,570.2
permutation,3600,5,hit,prefix,3600,20521.2
permutation,3600,5,mix,scan,0,102.4
permutation,3600,5,mix,prefix,1,132.7
permutation,3600,5,mix,prefix,2,136.8
permutation,3600,5,mix,prefix,4,150.3
permutation,3600,5,mix,prefix,8,169.7
permutation,3600,5,mix,prefix,16,210.6
permutation,3600,5,mix,prefix,32,290.5
permutation,3600,5,mix,prefix,64,460.9
permutation,3600,5,mix,prefix,3600,19015.0
permutation,3600,10,miss,scan,0,56.4
permutation,3600,10,miss,prefix,1,81.5
permutation,3600,10,miss,prefix,2,87.2
permutation,3600,10,miss,prefix,4,96.4
permutation,3600,10,miss,prefix,8,108.5
permutation,3600,10,miss,prefix,16,143.1
permutation,3600,10,miss,prefix,32,204.1
permutation,3600,10,miss,prefix,64,375.3
permutation,3600,10,miss,prefix,3600,17833.5
permutation,3600,10,hit,scan,0,194.3
permutation,3600,10,hit,prefix,1,224.6
permutation,3600,10,hit,prefix,2,228.9
permutation,3600,10,hit,prefix,4,241.8
permutation,3600,10,hit,prefix,8,256.5
permutation,3600,10,hit,prefix,16,299.6
permutation,3600,10,hit,prefix,32,381.7
permutation,3600,10,hit,prefix,64,576.6
permutation,3600,10,hit,prefix,3600,20628.8
permutation,3600,10,mix,scan,0,113.3
permutation,3600,10,mix,prefix,1,140.8
permutation,3600,10,mix,prefix,2,147.4
permutation,3600,10,mix,prefix,4,160.9
permutation,3600,10,mix,prefix,8,175.3
permutation,3600,10,mix,prefix,16,213.2
permutation,3600,10,mix,prefix,32,285.2
permutation,3600,10,mix,prefix,64,454.2
permutation,3600,10,mix,prefix,3600,18899.5
permutation,3600,20,miss,scan,0,109.0
permutation,3600,20,miss,prefix,1,138.1
permutation,3600,20,miss,prefix,2,139.5
permutation,3600,20,miss,prefix,4,150.2
permutation,3600,20,miss,prefix,8,147.6
permutation,3600,20,miss,prefix,16,165.3
permutation,3600,20,miss,prefix,32,217.5
permutation,3600,20,miss,prefix,64,386.6
permutation,3600,20,miss,prefix,3600,17929.7
permutation,3600,20,hit,scan,0,223.2
permutation,3600,20,hit,prefix,1,251.1
permutation,3600,20,hit,prefix,2,256.0
permutation,3600,20,hit,prefix,4,268.0
permutation,3600,20,hit,prefix,8,274.9
permutation,3600,20,hit,prefix,16,310.9
permutation,3600,20,hit,prefix,32,391.8
permutation,3600,20,hit,prefix,64,577.9
permutation,3600,20,hit,prefix,3600,20641.8
permutation,3600,20,mix,scan,0,172.3
permutation,3600,20,mix,prefix,1,204.9
permutation,3600,20,mix,prefix,2,211.2
permutation,3600,20,mix,prefix,4,223.3
permutation,3600,20,mix,prefix,8,222.1
permutation,3600,20,mix,prefix,16,248.2
permutation,3600,20,mix,prefix,32,315.8
permutation,3600,20,mix,prefix,64,487.2
permutation,3600,20,mix,prefix,3600,19399.1
permutation,3600,50,miss,scan,0,280.8
permutation,3600,50,miss,prefix,1,312.1
permutation,3600,50,miss,prefix,2,312.7
permutation,3600,50,miss,prefix,4,311.8
permutation,3600,50,miss,prefix,8,269.1
permutation,3600,50,miss,prefix,16,249.4
permutation,3600,50,miss,prefix,32,250.7
permutation,3600,50,miss,prefix,64,394.9
permutation,3600,50,miss,prefix,3600,17872.9
permutation,3600,50,hit,scan,0,297.8
permutation,3600,50,hit,prefix,1,331.5
permutation,3600,50,hit,prefix,2,338.4
permutation,3600,50,hit,prefix,4,346.8
permutation,3600,50,hit,prefix,8,332.8
permutation,3600,50,hit,prefix,16,355.4
permutation,3600,50,hit,prefix,32,413.3
permutation,3600,50,hit,prefix,64,592.6
permutation,3600,50,hit,prefix,3600,20496.8
permutation,3600,50,mix,scan,0,282.9
permutation,3600,50,mix,prefix,1,320.5
permutation,3600,50,mix,prefix,2,324.2
permutation,3600,50,mix,prefix,4,323.3
permutation,3600,50,mix,prefix,8,304.4
permutation,3600,50,mix,prefix,16,309.7
permutation,3600,50,mix,prefix,32,347.0
permutation,3600,50,mix,prefix,64,510.7
permutation,3600,50,mix,prefix,3600,19656.2
permutation,3600,100,miss,scan,0,569.2
permutation,3600,100,miss,prefix,1,653.0
permutation,3600,100,miss,prefix,2,635.6
permutation,3600,100,miss,prefix,4,606.6
permutation,3600,100,miss,prefix,8,522.4
permutation,3600,100,miss,prefix,16,436.2
permutation,3600,100,miss,prefix,32,350.8
permutation,3600,100,miss,prefix,64,422.7
permutation,3600,100,miss,prefix,3600,17922.3
permutation,3600,100,hit,scan,0,439.4
permutation,3600,100,hit,prefix,1,485.7
permutation,3600,100,hit,prefix,2,475.5
permutation,3600,100,hit,prefix,4,484.4
permutation,3600,100,hit,prefix,8,432.3
permutation,3600,100,hit,prefix,16,430.7
permutation,3600,100,hit,prefix,32,453.3
permutation,3600,100,hit,prefix,64,610.1
permutation,3600,100,hit,prefix,3600,20705.3
permutation,3600,100,mix,scan,0,507.1
permutation,3600,100,mix,prefix,1,574.1
permutation,3600,100,mix,prefix,2,553.3
permutation,3600,100,mix,prefix,4,547.3
permutation,3600,100,mix,prefix,8,477.7
permutation,3600,100,mix,prefix,16,435.5
permutation,3600,100,mix,prefix,32,399.3
permutation,3600,100,mix,prefix,64,515.6
permutation,3600,100,mix,prefix,3600,19445.0
permutation,3600,158,miss,scan,0,965.0
permutation,3600,158,miss,prefix,1,1114.1
permutation,3600,158,miss,prefix,2,1043.5
permutation,3600,158,miss,prefix,4,998.6
permutation,3600,158,miss,prefix,8,836.0
permutation,3600,158,miss,prefix,16,671.5
permutation,3600,158,miss,prefix,32,444.6
permutation,3600,158,miss,prefix,64,438.4
permutation,3600,158,miss,prefix,3600,17958.3
permutation,3600,158,hit,scan,0,635.7
permutation,3600,158,hit,prefix,1,709.1
permutation,3600,158,hit,prefix,2,694.8
permutation,3600,158,hit,prefix,4,679.9
permutation,3600,158,hit,prefix,8,601.0
permutation,3600,158,hit,prefix,16,540.9
permutation,3600,158,hit,prefix,32,503.0
permutation,3600,158,hit,prefix,64,660.8
permutation,3600,158,hit,prefix,3600,22488.2
permutation,3600,158,mix,scan,0,818.5
permutation,3600,158,mix,prefix,1,891.8
permutation,3600,158,mix,prefix,2,855.3
permutation,3600,158,mix,prefix,4,819.4
permutation,3600,158,mix,prefix,8,701.1
permutation,3600,158,mix,prefix,16,569.4
permutation,3600,158,mix,prefix,32,463.4
permutation,3600,158,mix,prefix,64,522.7
permutation,3600,158,mix,prefix,3600,18992.5
permutation,3600,200,miss,scan,0,1322.9
permutation,3600,200,miss,prefix,1,1447.7
permutation,3600,200,miss,prefix,2,1382.4
permutation,3600,200,miss,prefix,4,1288.8
permutation,3600,200,miss,prefix,8,1074.9
permutation,3600,200,miss,prefix,16,778.0
permutation,3600,200,miss,prefix,32,514.1
permutation,3600,200,miss,prefix,64,452.9
permutation,3600,200,miss,prefix,3600,18036.8
permutation,3600,200,hit,scan,0,758.0
permutation,3600,200,hit,prefix,1,833.0
permutation,3600,200,hit,prefix,2,803.9
permutation,3600,200,hit,prefix,4,850.4
permutation,3600,200,hit,prefix,8,703.0
permutation,3600,200,hit,prefix,16,615.3
permutation,3600,200,hit,prefix,32,559.4
permutation,3600,200,hit,prefix,64,673.5
permutation,3600,200,hit,prefix,3600,22493.8
permutation,3600,200,mix,scan,0,1063.9
permutation,3600,200,mix,prefix,1,1194.4
permutation,3600,200,mix,prefix,2,1148.3
permutation,3600,200,mix,prefix,4,1073.6
permutation,3600,200,mix,prefix,8,906.3
permutation,3600,200,mix,prefix,16,677.8
permutation,3600,200,mix,prefix,32,513.9
permutation,3600,200,mix,prefix,64,543.3
permutation,3600,200,mix,prefix,3600,18973.3
permutation,3600,300,miss,scan,0,2167.5
permutation,3600,300,miss,prefix,1,2418.0
permutation,3600,300,miss,prefix,2,2272.2
permutation,3600,300,miss,prefix,4,2187.4
permutation,3600,300,miss,prefix,8,1746.5
permutation,3600,300,miss,prefix,16,1248.0
permutation,3600,300,miss,prefix,32,710.3
permutation,3600,300,miss,prefix,64,472.7
permutation,3600,300,miss,prefix,3600,17853.4
permutation,3600,300,hit,scan,0,1190.5
permutation,3600,300,hit,prefix,1,1357.0
permutation,3600,300,hit,prefix,2,1272.3
permutation,3600,300,hit,prefix,4,1227.6
permutation,3600,300,hit,prefix,8,1048.1
permutation,3600,300,hit,prefix,16,870.0
permutation,3600,300,hit,prefix,32,650.4
permutation,3600,300,hit,prefix,64,637.9
permutation,3600,300,hit,prefix,3600,20765.4
permutation,3600,300,mix,scan,0,1645.8
permutation,3600,300,mix,prefix,1,1841.2
permutation,3600,300,mix,prefix,2,1773.1
permutation,3600,300,mix,prefix,4,1659.3
permutation,3600,300,mix,prefix,8,1425.8
permutation,3600,300,mix,prefix,16,1135.4
permutation,3600,300,mix,prefix,32,675.6
permutation,3600,300,mix,prefix,64,554.4
permutation,3600,300,mix,prefix,3600,19166.7
permutation,3600,389,miss,scan,0,2984.1
permutation,3600,389,miss,prefix,1,3234.9
permutation,3600,389,miss,prefix,2,3063.8
permutation,3600,389,miss,prefix,4,2894.4
permutation,3600,389,miss,prefix,8,2465.4
permutation,3600,389,miss,prefix,16,1853.9
permutation,3600,389,miss,prefix,32,874.8
permutation,3600,389,miss,prefix,64,504.3
permutation,3600,389,miss,prefix,3600,17946.6
permutation,3600,389,hit,scan,0,1529.3
permutation,3600,389,hit,prefix,1,1669.4
permutation,3600,389,hit,prefix,2,1563.9
permutation,3600,389,hit,prefix,4,1477.2
permutation,3600,389,hit,prefix,8,1299.5
permutation,3600,389,hit,prefix,16,1054.1
permutation,3600,389,hit,prefix,32,718.9
permutation,3600,389,hit,prefix,64,654.8
permutation,3600,389,hit,prefix,3600,20873.4
permutation,3600,389,mix,scan,0,2278.6
permutation,3600,389,mix,prefix,1,2522.5
permutation,3600,389,mix,prefix,2,2400.8
permutation,3600,389,mix,prefix,4,2247.1
permutation,3600,389,mix,prefix,8,1955.0
permutation,3600,389,mix,prefix,16,1476.1
permutation,3600,389,mix,prefix,32,787.6
permutation,3600,389,mix,prefix,64,594.0
permutation,3600,389,mix,prefix,3600,19809.8
permutation,3600,500,miss,scan,0,3994.6
permutation,3600,500,miss,prefix,1,4260.7
permutation,3600,500,miss,prefix,2,3981.8
permutation,3600,500,miss,prefix,4,3823.7
permutation,3600,500,miss,prefix,8,3267.3
permutation,3600,500,miss,prefix,16,2477.9
permutation,3600,500,miss,prefix,32,1061.2
permutation,3600,500,miss,prefix,64,518.4
permutation,3600,500,miss,prefix,3600,18094.8
permutation,3600,500,hit,scan,0,2063.7
permutation,3600,500,hit,prefix,1,2162.2
permutation,3600,500,hit,prefix,2,2050.0
permutation,3600,500,hit,prefix,4,1897.5
permutation,3600,500,hit,prefix,8,1659.9
permutation,3600,500,hit,prefix,16,1313.1
permutation,3600,500,hit,prefix,32,828.8
permutation,3600,500,hit,prefix,64,665.2
permutation,3600,500,hit,prefix,3600,20705.7
permutation,3600,500,mix,scan,0,3241.1
permutation,3600,500,mix,prefix,1,3446.9
permutation,3600,500,mix,prefix,2,3297.6
permutation,3600,500,mix,prefix,4,3145.9
permutation,3600,500,mix,prefix,8,2724.2
permutation,3600,500,mix,prefix,16,2207.7
permutation,3600,500,mix,prefix,32,1078.2
permutation,3600,500,mix,prefix,64,597.5
permutation,3600,500,mix,prefix,3600,19178.8
permutation,3600,750,miss,scan,0,6568.3
permutation,3600,750,miss,prefix,1,6882.2
permutation,3600,750,miss,prefix,2,6648.0
permutation,3600,750,miss,prefix,4,6332.6
permutation,3600,750,miss,prefix,8,5439.3
permutation,3600,750,miss,prefix,16,4021.1
permutation,3600,750,miss,prefix,32,1773.7
permutation,3600,750,miss,prefix,64,596.3
permutation,3600,750,miss,prefix,3600,17891.9
permutation,3600,750,hit,scan,0,3079.6
permutation,3600,750,hit,prefix,1,3333.7
permutation,3600,750,hit,prefix,2,3236.2
permutation,3600,750,hit,prefix,4,3082.3
permutation,3600,750,hit,prefix,8,2539.5
permutation,3600,750,hit,prefix,16,1941.8
permutation,3600,750,hit,prefix,32,1126.6
permutation,3600,750,hit,prefix,64,694.2
permutation,3600,750,hit,prefix,3600,20805.8
permutation,3600,750,mix,scan,0,5031.3
permutation,3600,750,mix,prefix,1,5253.9
permutation,3600,750,mix,prefix,2,5263.5
permutation,3600,750,mix,prefix,4,4933.2
permutation,3600,750,mix,prefix,8,4150.9
permutation,3600,750,mix,prefix,16,2998.9
permutation,3600,750,mix,prefix,32,1419.9
permutation,3600,750,mix,prefix,64,667.5
permutation,3600,750,mix,prefix,3600,19441.8
permutation,3600,1000,miss,scan,0,10107.8
permutation,3600,1000,miss,prefix,1,10490.6
permutation,3600,1000,miss,prefix,2,10287.2
permutation,3600,1000,miss,prefix,4,9600.4
permutation,3600,1000,miss,prefix,8,7946.1
permutation,3600,1000,miss,prefix,16,5602.3
permutation,3600,1000,miss,prefix,32,2651.5
permutation,3600,1000,miss,prefix,64,675.6
permutation,3600,1000,miss,prefix,3600,17894.1
permutation,3600,1000,hit,scan,0,5070.3
permutation,3600,1000,hit,prefix,1,5220.5
permutation,3600,1000,hit,prefix,2,5019.6
permutation,3600,1000,hit,prefix,4,4775.0
permutation,3600,1000,hit,prefix,8,3949.9
permutation,3600,1000,hit,prefix,16,2702.4
permutation,3600,1000,hit,prefix,32,1419.4
permutation,3600,1000,hit,prefix,64,765.2
permutation,3600,1000,hit,prefix,3600,20741.3
permutation,3600,1000,mix,scan,0,7262.4
permutation,3600,1000,mix,prefix,1,7710.2
permutation,3600,1000,mix,prefix,2,7352.6
permutation,3600,1000,mix,prefix,4,6943.9
permutation,3600,1000,mix,prefix,8,5968.7
permutation,3600,1000,mix,prefix,16,4315.6
permutation,3600,1000,mix,prefix,32,2210.5
permutation,3600,1000,mix,prefix,64,737.0
permutation,3600,1000,mix,prefix,3600,19504.5
permutation,3600,1500,miss,scan,0,23599.4
permutation,3600,1500,miss,prefix,1,22032.3
permutation,3600,1500,miss,prefix,2,19764.4
permutation,3600,1500,miss,prefix,4,18974.7
permutation,3600,1500,miss,prefix,8,15023.2
permutation,3600,1500,miss,prefix,16,10472.3
permutation,3600,1500,miss,prefix,32,4141.0
permutation,3600,1500,miss,prefix,64,921.1
permutation,3600,1500,miss,prefix,3600,17885.4
permutation,3600,1500,hit,scan,0,8501.1
permutation,3600,1500,hit,prefix,1,8679.5
permutation,3600,1500,hit,prefix,2,8357.2
permutation,3600,1500,hit,prefix,4,7991.9
permutation,3600,1500,hit,prefix,8,6363.4
permutation,3600,1500,hit,prefix,16,4425.3
permutation,3600,1500,hit,prefix,32,2132.8
permutation,3600,1500,hit,prefix,64,862.9
permutation,3600,1500,hit,prefix,3600,20793.1
permutation,3600,1500,mix,scan,0,16355.8
permutation,3600,1500,mix,prefix,1,15149.5
permutation,3600,1500,mix,prefix,2,13967.4
permutation,3600,1500,mix,prefix,4,13187.9
permutation,3600,1500,mix,prefix,8,10479.9
permutation,3600,1500,mix,prefix,16,7045.8
permutation,3600,1500,mix,prefix,32,3237.6
permutation,3600,1500,mix,prefix,64,888.7
permutation,3600,1500,mix,prefix,3600,19476.4
permutation,3600,2000,miss,scan,0,33746.4
permutation,3600,2000,miss,prefix,1,29903.3
permutation,3600,2000,miss,prefix,2,29032.9
permutation,3600,2000,miss,prefix,4,27033.3
permutation,3600,2000,miss,prefix,8,20939.0
permutation,3600,2000,miss,prefix,16,14994.3
permutation,3600,2000,miss,prefix,32,5689.3
permutation,3600,2000,miss,prefix,64,1123.3
permutation,3600,2000,miss,prefix,3600,17839.0
permutation,3600,2000,hit,scan,0,14842.0
permutation,3600,2000,hit,prefix,1,14037.2
permutation,3600,2000,hit,prefix,2,13542.2
permutation,3600,2000,hit,prefix,4,12803.1
permutation,3600,2000,hit,prefix,8,10766.5
permutation,3600,2000,hit,prefix,16,7675.8
permutation,3600,2000,hit,prefix,32,3354.9
permutation,3600,2000,hit,prefix,64,974.4
permutation,3600,2000,hit,prefix,3600,20680.2
permutation,3600,2000,mix,scan,0,26263.7
permutation,3600,2000,mix,prefix,1,23326.6
permutation,3600,2000,mix,prefix,2,22907.5
permutation,3600,2000,mix,prefix,4,22007.8
permutation,3600,2000,mix,prefix,8,18578.8
permutation,3600,2000,mix,prefix,16,12552.5
permutation,3600,2000,mix,prefix,32,5041.4
permutation,3600,2000,mix,prefix,64,1070.4
permutation,3600,2000,mix,prefix,3600,19612.1
box,625,1,miss,scan,0,3.2
box,625,1,miss,prefix,1,23.0
box,625,1,miss,prefix,2,28.3
box,625,1,miss,prefix,4,32.9
box,625,1,miss,prefix,8,73.5
box,625,1,miss,prefix,16,114.9
box,625,1,miss,prefix,32,188.7
box,625,1,miss,prefix,64,193.3
box,625,1,miss,prefix,625,1771.4
box,625,1,hit,scan,0,302.6
box,625,1,hit,prefix,1,327.5
box,625,1,hit,prefix,2,331.0
box,625,1,hit,prefix,4,334.9
box,625,1,hit,prefix,8,348.0
box,625,1,hit,prefix,16,379.8
box,625,1,hit,prefix,32,429.5
box,625,1,hit,prefix,64,545.2
box,625,1,hit,prefix,625,2485.0
box,625,1,mix,scan,0,171.9
box,625,1,mix,prefix,1,192.4
box,625,1,mix,prefix,2,196.9
box,625,1,mix,prefix,4,202.2
box,625,1,mix,prefix,8,213.9
box,625,1,mix,prefix,16,237.5
box,625,1,mix,prefix,32,284.8
box,625,1,mix,prefix,64,382.9
box,625,1,mix,prefix,625,2193.8
box,625,2,miss,scan,0,4.6
box,625,2,miss,prefix,1,25.1
box,625,2,miss,prefix,2,29.2
box,625,2,miss,prefix,4,34.2
box,625,2,miss,prefix,8,74.3
box,625,2,miss,prefix,16,116.7
box,625,2,miss,prefix,32,191.2
box,625,2,miss,prefix,64,191.9
box,625,2,miss,prefix,625,1774.5
box,625,2,hit,scan,0,309.5
box,625,2,hit,prefix,1,334.3
box,625,2,hit,prefix,2,336.3
box,625,2,hit,prefix,4,338.3
box,625,2,hit,prefix,8,351.0
box,625,2,hit,prefix,16,383.9
box,625,2,hit,prefix,32,436.5
box,625,2,hit,prefix,64,548.9
box,625,2,hit,prefix,625,2505.5
box,625,2,mix,scan,0,168.4
box,625,2,mix,prefix,1,187.2
box,625,2,mix,prefix,2,191.8
box,625,2,mix,prefix,4,196.3
box,625,2,mix,prefix,8,207.6
box,625,2,mix,prefix,16,233.2
box,625,2,mix,prefix,32,279.3
box,625,2,mix,prefix,64,383.2
box,625,2,mix,prefix,625,2176.4
box,625,5,miss,scan,0,8.7
box,625,5,miss,prefix,1,26.4
box,625,5,miss,prefix,2,27.5
box,625,5,miss,prefix,4,34.4
box,625,5,miss,prefix,8,77.0
box,625,5,miss,prefix,16,118.8
box,625,5,miss,prefix,32,194.2
box,625,5,miss,prefix,64,194.7
box,625,5,miss,prefix,625,1810.4
box,625,5,hit,scan,0,310.9
box,625,5,hit,prefix,1,337.5
box,625,5,hit,prefix,2,339.6
box,625,5,hit,prefix,4,345.1
box,625,5,hit,prefix,8,353.5
box,625,5,hit,prefix,16,383.9
box,625,5,hit,prefix,32,437.1
box,625,5,hit,prefix,64,560.9
box,625,5,hit,prefix,625,2530.5
box,625,5,mix,scan,0,169.5
box,625,5,mix,prefix,1,181.9
box,625,5,mix,prefix,2,187.6
box,625,5,mix,prefix,4,193.5
box,625,5,mix,prefix,8,206.1
box,625,5,mix,prefix,16,231.6
box,625,5,mix,prefix,32,277.9
box,625,5,mix,prefix,64,379.2
box,625,5,mix,prefix,625,2185.5
box,625,10,miss,scan,0,15.3
box,625,10,miss,prefix,1,31.7
box,625,10,miss,prefix,2,31.4
box,625,10,miss,prefix,4,34.3
box,625,10,miss,prefix,8,77.5
box,625,10,miss,prefix,16,120.1
box,625,10,miss,prefix,32,195.9
box,625,10,miss,prefix,64,191.5
box,625,10,miss,prefix,625,1773.0
box,625,10,hit,scan,0,320.7
box,625,10,hit,prefix,1,345.5
box,625,10,hit,prefix,2,343.9
box,625,10,hit,prefix,4,347.9
box,625,10,hit,prefix,8,358.8
box,625,10,hit,prefix,16,389.8
box,625,10,hit,prefix,32,444.3
box,625,10,hit,prefix,64,553.0
box,625,10,hit,prefix,625,2505.6
box,625,10,mix,scan,0,174.3
box,625,10,mix,prefix,1,189.3
box,625,10,mix,prefix,2,189.2
box,625,10,mix,prefix,4,194.2
box,625,10,mix,prefix,8,206.7
box,625,10,mix,prefix,16,233.8
box,625,10,mix,prefix,32,279.8
box,625,10,mix,prefix,64,379.8
box,625,10,mix,prefix,625,2166.1
box,625,20,miss,scan,0,29.4
box,625,20,miss,prefix,1,42.0
box,625,20,miss,prefix,2,39.3
box,625,20,miss,prefix,4,37.8
box,625,20,miss,prefix,8,78.5
box,625,20,miss,prefix,16,120.8
box,625,20,miss,prefix,32,194.9
box,625,20,miss,prefix,64,195.2
box,625,20,miss,prefix,625,1792.7
box,625,20,hit,scan,0,329.4
box,625,20,hit,prefix,1,350.2
box,625,20,hit,prefix,2,351.3
box,625,20,hit,prefix,4,352.7
box,625,20,hit,prefix,8,358.9
box,625,20,hit,prefix,16,395.3
box,625,20,hit,prefix,32,446.3
box,625,20,hit,prefix,64,565.9
box,625,20,hit,prefix,625,2536.5
box,625,20,mix,scan,0,204.3
box,625,20,mix,prefix,1,214.3
box,625,20,mix,prefix,2,212.8
box,625,20,mix,prefix,4,215.7
box,625,20,mix,prefix,8,226.5
box,625,20,mix,prefix,16,255.9
box,625,20,mix,prefix,32,302.6
box,625,20,mix,prefix,64,402.9
box,625,20,mix,prefix,625,2223.7
box,625,50,miss,scan,0,77.9
box,625,50,miss,prefix,1,70.0
box,625,50,miss,prefix,2,56.2
box,625,50,miss,prefix,4,46.4
box,625,50,miss,prefix,8,75.2
box,625,50,miss,prefix,16,114.6
box,625,50,miss,prefix,32,194.6
box,625,50,miss,prefix,64,285.3
box,625,50,miss,prefix,625,1787.9
box,625,50,hit,scan,0,349.2
box,625,50,hit,prefix,1,369.4
box,625,50,hit,prefix,2,366.6
box,625,50,hit,prefix,4,365.1
box,625,50,hit,prefix,8,368.9
box,625,50,hit,prefix,16,396.0
box,625,50,hit,prefix,32,453.7
box,625,50,hit,prefix,64,570.9
box,625,50,hit,prefix,625,2520.1
box,625,50,mix,scan,0,236.7
box,625,50,mix,prefix,1,238.5
box,625,50,mix,prefix,2,225.2
box,625,50,mix,prefix,4,221.5
box,625,50,mix,prefix,8,227.5
box,625,50,mix,prefix,16,255.3
box,625,50,mix,prefix,32,300.1
box,625,50,mix,prefix,64,405.2
box,625,50,mix,prefix,625,2203.1
box,625,100,miss,scan,0,322.5
box,625,100,miss,prefix,1,177.3
box,625,100,miss,prefix,2,106.0
box,625,100,miss,prefix,4,61.9
box,625,100,miss,prefix,8,51.1
box,625,100,miss,prefix,16,75.3
box,625,100,miss,prefix,32,190.4
box,625,100,miss,prefix,64,282.0
box,625,100,miss,prefix,625,1822.1
box,625,100,hit,scan,0,410.2
box,625,100,hit,prefix,1,406.3
box,625,100,hit,prefix,2,390.4
box,625,100,hit,prefix,4,380.8
box,625,100,hit,prefix,8,374.0
box,625,100,hit,prefix,16,408.3
box,625,100,hit,prefix,32,468.4
box,625,100,hit,prefix,64,588.0
box,625,100,hit,prefix,625,2573.4
box,625,100,mix,scan,0,397.8
box,625,100,mix,prefix,1,297.4
box,625,100,mix,prefix,2,251.5
box,625,100,mix,prefix,4,219.0
box,625,100,mix,prefix,8,213.2
box,625,100,mix,prefix,16,239.9
box,625,100,mix,prefix,32,287.7
box,625,100,mix,prefix,64,386.8
box,625,100,mix,prefix,625,2199.5
box,625,158,miss,scan,0,808.8
box,625,158,miss,prefix,1,483.3
box,625,158,miss,prefix,2,266.2
box,625,158,miss,prefix,4,83.8
box,625,158,miss,prefix,8,52.4
box,625,158,miss,prefix,16,71.0
box,625,158,miss,prefix,32,191.7
box,625,158,miss,prefix,64,286.1
box,625,158,miss,prefix,625,1813.5
box,625,158,hit,scan,0,566.9
box,625,158,hit,prefix,1,453.9
box,625,158,hit,prefix,2,418.2
box,625,158,hit,prefix,4,395.6
box,625,158,hit,prefix,8,387.7
box,625,158,hit,prefix,16,412.7
box,625,158,hit,prefix,32,467.6
box,625,158,hit,prefix,64,589.4
box,625,158,hit,prefix,625,2557.4
box,625,158,mix,scan,0,702.2
box,625,158,mix,prefix,1,472.8
box,625,158,mix,prefix,2,338.6
box,625,158,mix,prefix,4,263.7
box,625,158,mix,prefix,8,245.3
box,625,158,mix,prefix,16,271.5
box,625,158,mix,prefix,32,322.8
box,625,158,mix,prefix,64,430.0
box,625,158,mix,prefix,625,2253.7
box,625,200,miss,scan,0,1172.7
box,625,200,miss,prefix,1,657.5
box,625,200,miss,prefix,2,387.4
box,625,200,miss,prefix,4,104.0
box,625,200,miss,prefix,8,53.5
box,625,200,miss,prefix,16,68.0
box,625,200,miss,prefix,32,187.3
box,625,200,miss,prefix,64,278.3
box,625,200,miss,prefix,625,1812.2
box,625,200,hit,scan,0,780.3
box,625,200,hit,prefix,1,534.2
box,625,200,hit,prefix,2,448.3
box,625,200,hit,prefix,4,405.6
box,625,200,hit,prefix,8,389.7
box,625,200,hit,prefix,16,415.3
box,625,200,hit,prefix,32,477.2
box,625,200,hit,prefix,64,594.6
box,625,200,hit,prefix,625,2524.4
box,625,200,mix,scan,0,1012.4
box,625,200,mix,prefix,1,638.5
box,625,200,mix,prefix,2,440.6
box,625,200,mix,prefix,4,278.4
box,625,200,mix,prefix,8,245.1
box,625,200,mix,prefix,16,263.0
box,625,200,mix,prefix,32,316.0
box,625,200,mix,prefix,64,424.0
box,625,200,mix,prefix,625,2241.0
box,625,300,miss,scan,0,2175.0
box,625,300,miss,prefix,1,1248.4
box,625,300,miss,prefix,2,704.2
box,625,300,miss,prefix,4,185.4
box,625,300,miss,prefix,8,60.8
box,625,300,miss,prefix,16,70.1
box,625,300,miss,prefix,32,111.9
box,625,300,miss,prefix,64,285.5
box,625,300,miss,prefix,625,1803.1
box,625,300,hit,scan,0,1297.5
box,625,300,hit,prefix,1,842.1
box,625,300,hit,prefix,2,572.4
box,625,300,hit,prefix,4,426.8
box,625,300,hit,prefix,8,396.0
box,625,300,hit,prefix,16,423.0
box,625,300,hit,prefix,32,481.3
box,625,300,hit,prefix,64,597.5
box,625,300,hit,prefix,625,2533.2
box,625,300,mix,scan,0,1616.0
box,625,300,mix,prefix,1,1012.4
box,625,300,mix,prefix,2,635.7
box,625,300,mix,prefix,4,325.8
box,625,300,mix,prefix,8,259.4
box,625,300,mix,prefix,16,275.2
box,625,300,mix,prefix,32,328.8
box,625,300,mix,prefix,64,433.9
box,625,300,mix,prefix,625,2261.5
box,625,389,miss,scan,0,3063.0
box,625,389,miss,prefix,1,1692.2
box,625,389,miss,prefix,2,976.5
box,625,389,miss,prefix,4,255.3
box,625,389,miss,prefix,8,65.7
box,625,389,miss,prefix,16,71.8
box,625,389,miss,prefix,32,113.4
box,625,389,miss,prefix,64,270.9
box,625,389,miss,prefix,625,1828.8
box,625,389,hit,scan,0,1746.2
box,625,389,hit,prefix,1,1088.9
box,625,389,hit,prefix,2,729.4
box,625,389,hit,prefix,4,452.5
box,625,389,hit,prefix,8,423.2
box,625,389,hit,prefix,16,426.8
box,625,389,hit,prefix,32,499.5
box,625,389,hit,prefix,64,608.2
box,625,389,hit,prefix,625,2582.8
box,625,389,mix,scan,0,2467.4
box,625,389,mix,prefix,1,1437.3
box,625,389,mix,prefix,2,896.3
box,625,389,mix,prefix,4,377.9
box,625,389,mix,prefix,8,244.3
box,625,389,mix,prefix,16,262.4
box,625,389,mix,prefix,32,316.1
box,625,389,mix,prefix,64,417.6
box,625,389,mix,prefix,625,2222.6
box,625,500,miss,scan,0,4206.7
box,625,500,miss,prefix,1,2344.6
box,625,500,miss,prefix,2,1283.3
box,625,500,miss,prefix,4,364.6
box,625,500,miss,prefix,8,69.1
box,625,500,miss,prefix,16,72.4
box,625,500,miss,prefix,32,114.4
box,625,500,miss,prefix,64,271.2
box,625,500,miss,prefix,625,1821.2
box,625,500,hit,scan,0,2392.3
box,625,500,hit,prefix,1,1445.7
box,625,500,hit,prefix,2,951.0
box,625,500,hit,prefix,4,514.4
box,625,500,hit,prefix,8,413.3
box,625,500,hit,prefix,16,432.6
box,625,500,hit,prefix,32,488.4
box,625,500,hit,prefix,64,615.7
box,625,500,hit,prefix,625,2591.9
box,625,500,mix,scan,0,3293.8
box,625,500,mix,prefix,1,1911.6
box,625,500,mix,prefix,2,1137.4
box,625,500,mix,prefix,4,440.9
box,625,500,mix,prefix,8,240.1
box,625,500,mix,prefix,16,247.1
box,625,500,mix,prefix,32,299.4
box,625,500,mix,prefix,64,405.6
box,625,500,mix,prefix,625,2192.4
box,625,750,miss,scan,0,7152.2
box,625,750,miss,prefix,1,3876.5
box,625,750,miss,prefix,2,2144.3
box,625,750,miss,prefix,4,598.3
box,625,750,miss,prefix,8,82.4
box,625,750,miss,prefix,16,68.4
box,625,750,miss,prefix,32,111.2
box,625,750,miss,prefix,64,273.7
box,625,750,miss,prefix,625,1818.0
box,625,750,hit,scan,0,3746.6
box,625,750,hit,prefix,1,2179.7
box,625,750,hit,prefix,2,1358.3
box,625,750,hit,prefix,4,626.2
box,625,750,hit,prefix,8,422.7
box,625,750,hit,prefix,16,436.6
box,625,750,hit,prefix,32,501.8
box,625,750,hit,prefix,64,618.7
box,625,750,hit,prefix,625,2598.6
box,625,750,mix,scan,0,5411.1
box,625,750,mix,prefix,1,3099.2
box,625,750,mix,prefix,2,1795.5
box,625,750,mix,prefix,4,631.0
box,625,750,mix,prefix,8,264.9
box,625,750,mix,prefix,16,261.0
box,625,750,mix,prefix,32,326.4
box,625,750,mix,prefix,64,423.4
box,625,750,mix,prefix,625,2258.1
box,625,1000,miss,scan,0,10221.1
box,625,1000,miss,prefix,1,5448.1
box,625,1000,miss,prefix,2,2978.1
box,625,1000,miss,prefix,4,838.5
box,625,1000,miss,prefix,8,94.6
box,625,1000,miss,prefix,16,70.9
box,625,1000,miss,prefix,32,111.9
box,625,1000,miss,prefix,64,273.2
box,625,1000,miss,prefix,625,1813.5
box,625,1000,hit,scan,0,5073.9
box,625,1000,hit,prefix,1,2946.7
box,625,1000,hit,prefix,2,1791.2
box,625,1000,hit,prefix,4,749.2
box,625,1000,hit,prefix,8,437.4
box,625,1000,hit,prefix,16,442.2
box,625,1000,hit,prefix,32,506.2
box,625,1000,hit,prefix,64,633.5
box,625,1000,hit,prefix,625,2566.7
box,625,1000,mix,scan,0,7660.8
box,625,1000,mix,prefix,1,4235.0
box,625,1000,mix,prefix,2,2389.7
box,625,1000,mix,prefix,4,817.8
box,625,1000,mix,prefix,8,264.5
box,625,1000,mix,prefix,16,247.1
box,625,1000,mix,prefix,32,301.9
box,625,1000,mix,prefix,64,408.6
box,625,1000,mix,prefix,625,2171.6
box,625,1500,miss,scan,0,16493.0
box,625,1500,miss,prefix,1,8676.3
box,625,1500,miss,prefix,2,4670.0
box,625,1500,miss,prefix,4,1337.8
box,625,1500,miss,prefix,8,123.0
box,625,1500,miss,prefix,16,70.6
box,625,1500,miss,prefix,32,114.6
box,625,1500,miss,prefix,64,281.4
box,625,1500,miss,prefix,625,1839.3
box,625,1500,hit,scan,0,7727.2
box,625,1500,hit,prefix,1,4359.4
box,625,1500,hit,prefix,2,2549.3
box,625,1500,hit,prefix,4,980.6
box,625,1500,hit,prefix,8,450.3
box,625,1500,hit,prefix,16,444.2
box,625,1500,hit,prefix,32,510.6
box,625,1500,hit,prefix,64,623.7
box,625,1500,hit,prefix,625,2587.2
box,625,1500,mix,scan,0,11066.3
box,625,1500,mix,prefix,1,6071.8
box,625,1500,mix,prefix,2,3440.1
box,625,1500,mix,prefix,4,1164.9
box,625,1500,mix,prefix,8,336.4
box,625,1500,mix,prefix,16,302.9
box,625,1500,mix,prefix,32,353.5
box,625,1500,mix,prefix,64,461.2
box,625,1500,mix,prefix,625,2304.3
box,625,2000,miss,scan,0,22932.1
box,625,2000,miss,prefix,1,12212.2
box,625,2000,miss,prefix,2,6715.6
box,625,2000,miss,prefix,4,1908.8
box,625,2000,miss,prefix,8,155.6
box,625,2000,miss,prefix,16,73.5
box,625,2000,miss,prefix,32,114.8
box,625,2000,miss,prefix,64,283.6
box,625,2000,miss,prefix,625,1817.0
box,625,2000,hit,scan,0,10936.1
box,625,2000,hit,prefix,1,6013.2
box,625,2000,hit,prefix,2,3481.7
box,625,2000,hit,prefix,4,1274.8
box,625,2000,hit,prefix,8,472.5
box,625,2000,hit,prefix,16,445.4
box,625,2000,hit,prefix,32,519.3
box,625,2000,hit,prefix,64,626.8
box,625,2000,hit,prefix,625,2631.3
box,625,2000,mix,scan,0,17087.2
box,625,2000,mix,prefix,1,9373.2
box,625,2000,mix,prefix,2,5162.9
box,625,2000,mix,prefix,4,1728.9
box,625,2000,mix,prefix,8,345.2
box,625,2000,mix,prefix,16,276.8
box,625,2000,mix,prefix,32,338.1
box,625,2000,mix,prefix,64,439.4
box,625,2000,mix,prefix,625,2267.5
box,3600,1,miss,scan,0,3.1
box,3600,1,miss,prefix,1,23.6
box,3600,1,miss,prefix,2,27.7
box,3600,1,miss,prefix,4,34.4
box,3600,1,miss,prefix,8,71.8
box,3600,1,miss,prefix,16,113.5
box,3600,1,miss,prefix,32,187.9
box,3600,1,miss,prefix,64,190.9
box,3600,1,miss,prefix,3600,10950.6
box,3600,1,hit,scan,0,1723.1
box,3600,1,hit,prefix,1,1752.8
box,3600,1,hit,prefix,2,1760.2
box,3600,1,hit,prefix,4,1755.1
box,3600,1,hit,prefix,8,1760.4
box,3600,1,hit,prefix,16,1796.0
box,3600,1,hit,prefix,32,1847.0
box,3600,1,hit,prefix,64,1978.1
box,3600,1,hit,prefix,3600,15048.2
box,3600,1,mix,scan,0,942.4
box,3600,1,mix,prefix,1,977.2
box,3600,1,mix,prefix,2,978.6
box,3600,1,mix,prefix,4,979.7
box,3600,1,mix,prefix,8,994.7
box,3600,1,mix,prefix,16,1026.9
box,3600,1,mix,prefix,32,1071.2
box,3600,1,mix,prefix,64,1179.8
box,3600,1,mix,prefix,3600,13169.1
box,3600,2,miss,scan,0,4.5
box,3600,2,miss,prefix,1,28.1
box,3600,2,miss,prefix,2,29.4
box,3600,2,miss,prefix,4,32.1
box,3600,2,miss,prefix,8,74.4
box,3600,2,miss,prefix,16,112.4
box,3600,2,miss,prefix,32,185.3
box,3600,2,miss,prefix,64,193.0
box,3600,2,miss,prefix,3600,10803.6
box,3600,2,hit,scan,0,1717.5
box,3600,2,hit,prefix,1,1757.2
box,3600,2,hit,prefix,2,1764.3
box,3600,2,hit,prefix,4,1764.4
box,3600,2,hit,prefix,8,1756.4
box,3600,2,hit,prefix,16,1820.4
box,3600,2,hit,prefix,32,1848.4
box,3600,2,hit,prefix,64,1978.1
box,3600,2,hit,prefix,3600,14936.9
box,3600,2,mix,scan,0,889.7
box,3600,2,mix,prefix,1,913.6
box,3600,2,mix,prefix,2,922.1
box,3600,2,mix,prefix,4,924.6
box,3600,2,mix,prefix,8,939.0
box,3600,2,mix,prefix,16,969.4
box,3600,2,mix,prefix,32,1027.6
box,3600,2,mix,prefix,64,1117.0
box,3600,2,mix,prefix,3600,12971.4
box,3600,5,miss,scan,0,9.0
box,3600,5,miss,prefix,1,26.2
box,3600,5,miss,prefix,2,27.7
box,3600,5,miss,prefix,4,36.2
box,3600,5,miss,prefix,8,77.9
box,3600,5,miss,prefix,16,116.7
box,3600,5,miss,prefix,32,188.3
box,3600,5,miss,prefix,64,198.8
box,3600,5,miss,prefix,3600,11033.6
box,3600,5,hit,scan,0,1717.1
box,3600,5,hit,prefix,1,1776.8
box,3600,5,hit,prefix,2,1826.5
box,3600,5,hit,prefix,4,1761.3
box,3600,5,hit,prefix,8,1828.0
box,3600,5,hit,prefix,16,1820.2
box,3600,5,hit,prefix,32,1869.6
box,3600,5,hit,prefix,64,2000.8
box,3600,5,hit,prefix,3600,15123.5
box,3600,5,mix,scan,0,909.9
box,3600,5,mix,prefix,1,939.4
box,3600,5,mix,prefix,2,952.9
box,3600,5,mix,prefix,4,964.6
box,3600,5,mix,prefix,8,964.2
box,3600,5,mix,prefix,16,997.6
box,3600,5,mix,prefix,32,1034.5
box,3600,5,mix,prefix,64,1148.1
box,3600,5,mix,prefix,3600,13177.2
box,3600,10,miss,scan,0,15.7
box,3600,10,miss,prefix,1,31.4
box,3600,10,miss,prefix,2,31.9
box,3600,10,miss,prefix,4,35.7
box,3600,10,miss,prefix,8,79.3
box,3600,10,miss,prefix,16,119.5
box,3600,10,miss,prefix,32,192.5
box,3600,10,miss,prefix,64,197.3
box,3600,10,miss,prefix,3600,10945.5
box,3600,10,hit,scan,0,1751.7
box,3600,10,hit,prefix,1,1796.8
box,3600,10,hit,prefix,2,1807.6
box,3600,10,hit,prefix,4,1795.2
box,3600,10,hit,prefix,8,1803.9
box,3600,10,hit,prefix,16,1834.4
box,3600,10,hit,prefix,32,1900.0
box,3600,10,hit,prefix,64,2011.8
box,3600,10,hit,prefix,3600,15190.9
box,3600,10,mix,scan,0,809.9
box,3600,10,mix,prefix,1,836.4
box,3600,10,mix,prefix,2,838.1
box,3600,10,mix,prefix,4,838.5
box,3600,10,mix,prefix,8,848.6
box,3600,10,mix,prefix,16,878.9
box,3600,10,mix,prefix,32,930.8
box,3600,10,mix,prefix,64,1037.4
box,3600,10,mix,prefix,3600,13007.3
box,3600,20,miss,scan,0,29.3
box,3600,20,miss,prefix,1,40.6
box,3600,20,miss,prefix,2,37.9
box,3600,20,miss,prefix,4,39.0
box,3600,20,miss,prefix,8,77.9
box,3600,20,miss,prefix,16,117.5
box,3600,20,miss,prefix,32,189.2
box,3600,20,miss,prefix,64,194.4
box,3600,20,miss,prefix,3600,10868.9
box,3600,20,hit,scan,0,1766.8
box,3600,20,hit,prefix,1,1805.6
box,3600,20,hit,prefix,2,1788.3
box,3600,20,hit,prefix,4,1813.0
box,3600,20,hit,prefix,8,1807.2
box,3600,20,hit,prefix,16,1855.3
box,3600,20,hit,prefix,32,1886.6
box,3600,20,hit,prefix,64,2008.4
box,3600,20,hit,prefix,3600,14852.3
box,3600,20,mix,scan,0,827.9
box,3600,20,mix,prefix,1,839.8
box,3600,20,mix,prefix,2,837.8
box,3600,20,mix,prefix,4,833.4
box,3600,20,mix,prefix,8,856.8
box,3600,20,mix,prefix,16,882.7
box,3600,20,mix,prefix,32,932.5
box,3600,20,mix,prefix,64,1030.7
box,3600,20,mix,prefix,3600,13066.1
box,3600,50,miss,scan,0,76.3
box,3600,50,miss,prefix,1,69.5
box,3600,50,miss,prefix,2,57.2
box,3600,50,miss,prefix,4,46.6
box,3600,50,miss,prefix,8,72.3
box,3600,50,miss,prefix,16,117.5
box,3600,50,miss,prefix,32,193.5
box,3600,50,miss,prefix,64,286.6
box,3600,50,miss,prefix,3600,13145.0
box,3600,50,hit,scan,0,1920.7
box,3600,50,hit,prefix,1,1881.1
box,3600,50,hit,prefix,2,1884.0
box,3600,50,hit,prefix,4,1862.8
box,3600,50,hit,prefix,8,1846.6
box,3600,50,hit,prefix,16,1916.2
box,3600,50,hit,prefix,32,1950.6
box,3600,50,hit,prefix,64,2060.8
box,3600,50,hit,prefix,3600,15252.2
box,3600,50,mix,scan,0,977.2
box,3600,50,mix,prefix,1,976.3
box,3600,50,mix,prefix,2,974.1
box,3600,50,mix,prefix,4,947.9
box,3600,50,mix,prefix,8,952.3
box,3600,50,mix,prefix,16,983.2
box,3600,50,mix,prefix,32,1050.1
box,3600,50,mix,prefix,64,1143.5
box,3600,50,mix,prefix,3600,13550.3
box,3600,100,miss,scan,0,297.7
box,3600,100,miss,prefix,1,176.8
box,3600,100,miss,prefix,2,90.6
box,3600,100,miss,prefix,4,60.9
box,3600,100,miss,prefix,8,50.9
box,3600,100,miss,prefix,16,74.1
box,3600,100,miss,prefix,32,197.5
box,3600,100,miss,prefix,64,290.3
box,3600,100,miss,prefix,3600,10987.5
box,3600,100,hit,scan,0,1960.5
box,3600,100,hit,prefix,1,1954.7
box,3600,100,hit,prefix,2,1961.6
box,3600,100,hit,prefix,4,1953.6
box,3600,100,hit,prefix,8,1920.1
box,3600,100,hit,prefix,16,1962.7
box,3600,100,hit,prefix,32,2022.3
box,3600,100,hit,prefix,64,2144.3
box,3600,100,hit,prefix,3600,15483.2
box,3600,100,mix,scan,0,1135.0
box,3600,100,mix,prefix,1,1029.8
box,3600,100,mix,prefix,2,1010.8
box,3600,100,mix,prefix,4,960.1
box,3600,100,mix,prefix,8,950.4
box,3600,100,mix,prefix,16,976.4
box,3600,100,mix,prefix,32,1021.3
box,3600,100,mix,prefix,64,1152.8
box,3600,100,mix,prefix,3600,13418.1
box,3600,158,miss,scan,0,760.7
box,3600,158,miss,prefix,1,480.6
box,3600,158,miss,prefix,2,272.2
box,3600,158,miss,prefix,4,82.9
box,3600,158,miss,prefix,8,52.1
box,3600,158,miss,prefix,16,71.2
box,3600,158,miss,prefix,32,186.9
box,3600,158,miss,prefix,64,292.8
box,3600,158,miss,prefix,3600,11020.5
box,3600,158,hit,scan,0,2251.4
box,3600,158,hit,prefix,1,2119.8
box,3600,158,hit,prefix,2,2069.0
box,3600,158,hit,prefix,4,2086.0
box,3600,158,hit,prefix,8,2019.6
box,3600,158,hit,prefix,16,2365.5
box,3600,158,hit,prefix,32,2307.1
box,3600,158,hit,prefix,64,2398.5
box,3600,158,hit,prefix,3600,16489.3
box,3600,158,mix,scan,0,1361.3
box,3600,158,mix,prefix,1,1147.8
box,3600,158,mix,prefix,2,984.3
box,3600,158,mix,prefix,4,909.5
box,3600,158,mix,prefix,8,818.3
box,3600,158,mix,prefix,16,844.8
box,3600,158,mix,prefix,32,896.4
box,3600,158,mix,prefix,64,992.6
box,3600,158,mix,prefix,3600,13161.1
box,3600,200,miss,scan,0,1141.3
box,3600,200,miss,prefix,1,704.9
box,3600,200,miss,prefix,2,384.0
box,3600,200,miss,prefix,4,98.8
box,3600,200,miss,prefix,8,54.1
box,3600,200,miss,prefix,16,70.5
box,3600,200,miss,prefix,32,195.0
box,3600,200,miss,prefix,64,287.3
box,3600,200,miss,prefix,3600,10754.5
box,3600,200,hit,scan,0,2602.0
box,3600,200,hit,prefix,1,2381.6
box,3600,200,hit,prefix,2,2219.0
box,3600,200,hit,prefix,4,2098.5
box,3600,200,hit,prefix,8,2106.7
box,3600,200,hit,prefix,16,2131.2
box,3600,200,hit,prefix,32,2178.1
box,3600,200,hit,prefix,64,2342.7
box,3600,200,hit,prefix,3600,14779.9
box,3600,200,mix,scan,0,1725.7
box,3600,200,mix,prefix,1,1389.8
box,3600,200,mix,prefix,2,1180.9
box,3600,200,mix,prefix,4,1005.4
box,3600,200,mix,prefix,8,986.8
box,3600,200,mix,prefix,16,983.8
box,3600,200,mix,prefix,32,1045.2
box,3600,200,mix,prefix,64,1159.4
box,3600,200,mix,prefix,3600,13345.0
box,3600,300,miss,scan,0,2168.2
box,3600,300,miss,prefix,1,1221.4
box,3600,300,miss,prefix,2,680.9
box,3600,300,miss,prefix,4,175.4
box,3600,300,miss,prefix,8,61.2
box,3600,300,miss,prefix,16,69.6
box,3600,300,miss,prefix,32,112.6
box,3600,300,miss,prefix,64,283.6
box,3600,300,miss,prefix,3600,10993.8
box,3600,300,hit,scan,0,3051.0
box,3600,300,hit,prefix,1,2625.3
box,3600,300,hit,prefix,2,2421.8
box,3600,300,hit,prefix,4,2180.1
box,3600,300,hit,prefix,8,2167.5
box,3600,300,hit,prefix,16,2141.3
box,3600,300,hit,prefix,32,2267.9
box,3600,300,hit,prefix,64,2370.5
box,3600,300,hit,prefix,3600,14905.9
box,3600,300,mix,scan,0,2777.0
box,3600,300,mix,prefix,1,2008.0
box,3600,300,mix,prefix,2,1619.1
box,3600,300,mix,prefix,4,1236.9
box,3600,300,mix,prefix,8,1136.2
box,3600,300,mix,prefix,16,1162.4
box,3600,300,mix,prefix,32,1199.1
box,3600,300,mix,prefix,64,1296.2
box,3600,300,mix,prefix,3600,14209.0
box,3600,389,miss,scan,0,3120.0
box,3600,389,miss,prefix,1,1708.1
box,3600,389,miss,prefix,2,963.8
box,3600,389,miss,prefix,4,258.1
box,3600,389,miss,prefix,8,64.7
box,3600,389,miss,prefix,16,72.6
box,3600,389,miss,prefix,32,112.3
box,3600,389,miss,prefix,64,269.9
box,3600,389,miss,prefix,3600,11227.1
box,3600,389,hit,scan,0,3542.6
box,3600,389,hit,prefix,1,2950.7
box,3600,389,hit,prefix,2,2566.6
box,3600,389,hit,prefix,4,2261.4
box,3600,389,hit,prefix,8,2229.9
box,3600,389,hit,prefix,16,2186.0
box,3600,389,hit,prefix,32,2310.7
box,3600,389,hit,prefix,64,2381.2
box,3600,389,hit,prefix,3600,15029.3
box,3600,389,mix,scan,0,3188.3
box,3600,389,mix,prefix,1,2273.0
box,3600,389,mix,prefix,2,1716.9
box,3600,389,mix,prefix,4,1265.3
box,3600,389,mix,prefix,8,1120.4
box,3600,389,mix,prefix,16,1114.0
box,3600,389,mix,prefix,32,1182.5
box,3600,389,mix,prefix,64,1281.6
box,3600,389,mix,prefix,3600,13736.6
box,3600,500,miss,scan,0,4238.0
box,3600,500,miss,prefix,1,2404.2
box,3600,500,miss,prefix,2,1310.3
box,3600,500,miss,prefix,4,360.4
box,3600,500,miss,prefix,8,69.8
box,3600,500,miss,prefix,16,70.8
box,3600,500,miss,prefix,32,112.6
box,3600,500,miss,prefix,64,273.4
box,3600,500,miss,prefix,3600,10930.0
box,3600,500,hit,scan,0,4366.5
box,3600,500,hit,prefix,1,3405.3
box,3600,500,hit,prefix,2,2858.4
box,3600,500,hit,prefix,4,2360.6
box,3600,500,hit,prefix,8,2264.4
box,3600,500,hit,prefix,16,2323.3
box,3600,500,hit,prefix,32,2294.5
box,3600,500,hit,prefix,64,2458.3
box,3600,500,hit,prefix,3600,15004.9
box,3600,500,mix,scan,0,4077.5
box,3600,500,mix,prefix,1,2693.1
box,3600,500,mix,prefix,2,1927.5
box,3600,500,mix,prefix,4,1244.0
box,3600,500,mix,prefix,8,1037.3
box,3600,500,mix,prefix,16,1023.4
box,3600,500,mix,prefix,32,1095.3
box,3600,500,mix,prefix,64,1196.5
box,3600,500,mix,prefix,3600,13566.6
box,3600,750,miss,scan,0,6815.4
box,3600,750,miss,prefix,1,3786.8
box,3600,750,miss,prefix,2,2100.7
box,3600,750,miss,prefix,4,585.3
box,3600,750,miss,prefix,8,80.1
box,3600,750,miss,prefix,16,68.5
box,3600,750,miss,prefix,32,111.7
box,3600,750,miss,prefix,64,275.8
box,3600,750,miss,prefix,3600,10894.6
box,3600,750,hit,scan,0,5576.9
box,3600,750,hit,prefix,1,4079.2
box,3600,750,hit,prefix,2,3261.7
box,3600,750,hit,prefix,4,2569.7
box,3600,750,hit,prefix,8,2301.6
box,3600,750,hit,prefix,16,2342.1
box,3600,750,hit,prefix,32,2374.5
box,3600,750,hit,prefix,64,2525.3
box,3600,750,hit,prefix,3600,15076.9
box,3600,750,mix,scan,0,6105.8
box,3600,750,mix,prefix,1,3864.9
box,3600,750,mix,prefix,2,2641.5
box,3600,750,mix,prefix,4,1554.6
box,3600,750,mix,prefix,8,1196.8
box,3600,750,mix,prefix,16,1154.1
box,3600,750,mix,prefix,32,1219.3
box,3600,750,mix,prefix,64,1336.9
box,3600,750,mix,prefix,3600,13757.4
box,3600,1000,miss,scan,0,9626.2
box,3600,1000,miss,prefix,1,5240.4
box,3600,1000,miss,prefix,2,2925.6
box,3600,1000,miss,prefix,4,807.8
box,3600,1000,miss,prefix,8,89.9
box,3600,1000,miss,prefix,16,68.3
box,3600,1000,miss,prefix,32,111.5
box,3600,1000,miss,prefix,64,282.6
box,3600,1000,miss,prefix,3600,11159.2
box,3600,1000,hit,scan,0,6874.3
box,3600,1000,hit,prefix,1,4885.9
box,3600,1000,hit,prefix,2,3731.0
box,3600,1000,hit,prefix,4,2742.7
box,3600,1000,hit,prefix,8,2331.8
box,3600,1000,hit,prefix,16,2399.1
box,3600,1000,hit,prefix,32,2446.6
box,3600,1000,hit,prefix,64,2643.4
box,3600,1000,hit,prefix,3600,16062.9
box,3600,1000,mix,scan,0,7781.8
box,3600,1000,mix,prefix,1,4762.4
box,3600,1000,mix,prefix,2,3097.3
box,3600,1000,mix,prefix,4,1681.7
box,3600,1000,mix,prefix,8,1141.9
box,3600,1000,mix,prefix,16,1079.1
box,3600,1000,mix,prefix,32,1130.3
box,3600,1000,mix,prefix,64,1339.3
box,3600,1000,mix,prefix,3600,13762.1
box,3600,1500,miss,scan,0,15200.1
box,3600,1500,miss,prefix,1,8045.2
box,3600,1500,miss,prefix,2,4417.3
box,3600,1500,miss,prefix,4,1250.6
box,3600,1500,miss,prefix,8,113.0
box,3600,1500,miss,prefix,16,71.1
box,3600,1500,miss,prefix,32,113.3
box,3600,1500,miss,prefix,64,291.9
box,3600,1500,miss,prefix,3600,11372.3
box,3600,1500,hit,scan,0,9860.1
box,3600,1500,hit,prefix,1,6403.2
box,3600,1500,hit,prefix,2,4602.2
box,3600,1500,hit,prefix,4,3121.6
box,3600,1500,hit,prefix,8,2380.9
box,3600,1500,hit,prefix,16,2314.5
box,3600,1500,hit,prefix,32,2491.8
box,3600,1500,hit,prefix,64,2641.7
box,3600,1500,hit,prefix,3600,15223.8
box,3600,1500,mix,scan,0,12666.8
box,3600,1500,mix,prefix,1,7274.6
box,3600,1500,mix,prefix,2,4473.6
box,3600,1500,mix,prefix,4,2030.3
box,3600,1500,mix,prefix,8,1129.3
box,3600,1500,mix,prefix,16,1001.3
box,3600,1500,mix,prefix,32,1071.0
box,3600,1500,mix,prefix,64,1167.9
box,3600,1500,mix,prefix,3600,13507.4
box,3600,2000,miss,scan,0,22990.2
box,3600,2000,miss,prefix,1,11620.7
box,3600,2000,miss,prefix,2,6303.2
box,3600,2000,miss,prefix,4,1844.9
box,3600,2000,miss,prefix,8,156.6
box,3600,2000,miss,prefix,16,70.3
box,3600,2000,miss,prefix,32,114.2
box,3600,2000,miss,prefix,64,312.5
box,3600,2000,miss,prefix,3600,11060.7
box,3600,2000,hit,scan,0,12817.8
box,3600,2000,hit,prefix,1,8047.8
box,3600,2000,hit,prefix,2,5604.7
box,3600,2000,hit,prefix,4,3519.3
box,3600,2000,hit,prefix,8,2448.5
box,3600,2000,hit,prefix,16,2412.0
box,3600,2000,hit,prefix,32,2559.5
box,3600,2000,hit,prefix,64,2657.7
box,3600,2000,hit,prefix,3600,15057.0
box,3600,2000,mix,scan,0,18091.1
box,3600,2000,mix,prefix,1,10737.0
box,3600,2000,mix,prefix,2,5981.9
box,3600,2000,mix,prefix,4,2514.2
box,3600,2000,mix,prefix,8,1080.8
box,3600,2000,mix,prefix,16,947.1
box,3600,2000,mix,prefix,32,1005.1
box,3600,2000,mix,prefix,64,1120.4
box,3600,2000,mix,prefix,3600,13402.3
box,3000,1,miss,scan,0,3.0
box,3000,1,miss,prefix,1,23.6
box,3000,1,miss,prefix,2,28.3
box,3000,1,miss,prefix,4,34.3
box,3000,1,miss,prefix,8,73.7
box,3000,1,miss,prefix,16,115.3
box,3000,1,miss,prefix,32,187.4
box,3000,1,miss,prefix,64,194.4
box,3000,1,miss,prefix,3000,8934.4
box,3000,1,hit,scan,0,1432.1
box,3000,1,hit,prefix,1,1449.8
box,3000,1,hit,prefix,2,1450.0
box,3000,1,hit,prefix,4,1443.7
box,3000,1,hit,prefix,8,1476.0
box,3000,1,hit,prefix,16,1493.4
box,3000,1,hit,prefix,32,1568.9
box,3000,1,hit,prefix,64,1678.6
box,3000,1,hit,prefix,3000,12307.2
box,3000,1,mix,scan,0,734.0
box,3000,1,mix,prefix,1,748.0
box,3000,1,mix,prefix,2,749.9
box,3000,1,mix,prefix,4,765.3
box,3000,1,mix,prefix,8,779.1
box,3000,1,mix,prefix,16,800.7
box,3000,1,mix,prefix,32,849.4
box,3000,1,mix,prefix,64,953.0
box,3000,1,mix,prefix,3000,10560.0
box,3000,2,miss,scan,0,4.2
box,3000,2,miss,prefix,1,24.6
box,3000,2,miss,prefix,2,28.1
box,3000,2,miss,prefix,4,33.7
box,3000,2,miss,prefix,8,73.2
box,3000,2,miss,prefix,16,113.0
box,3000,2,miss,prefix,32,186.2
box,3000,2,miss,prefix,64,195.8
box,3000,2,miss,prefix,3000,8898.5
box,3000,2,hit,scan,0,1411.2
box,3000,2,hit,prefix,1,1453.4
box,3000,2,hit,prefix,2,1468.6
box,3000,2,hit,prefix,4,1446.8
box,3000,2,hit,prefix,8,1460.2
box,3000,2,hit,prefix,16,1507.8
box,3000,2,hit,prefix,32,1563.7
box,3000,2,hit,prefix,64,1680.5
box,3000,2,hit,prefix,3000,12409.3
box,3000,2,mix,scan,0,720.5
box,3000,2,mix,prefix,1,750.3
box,3000,2,mix,prefix,2,755.6
box,3000,2,mix,prefix,4,762.7
box,3000,2,mix,prefix,8,775.2
box,3000,2,mix,prefix,16,801.9
box,3000,2,mix,prefix,32,855.7
box,3000,2,mix,prefix,64,966.7
box,3000,2,mix,prefix,3000,10770.4
box,3000,5,miss,scan,0,9.2
box,3000,5,miss,prefix,1,26.9
box,3000,5,miss,prefix,2,27.4
box,3000,5,miss,prefix,4,38.3
box,3000,5,miss,prefix,8,76.5
box,3000,5,miss,prefix,16,119.6
box,3000,5,miss,prefix,32,194.2
box,3000,5,miss,prefix,64,193.1
box,3000,5,miss,prefix,3000,8941.0
box,3000,5,hit,scan,0,1434.7
box,3000,5,hit,prefix,1,1460.6
box,3000,5,hit,prefix,2,1463.0
box,3000,5,hit,prefix,4,1468.6
box,3000,5,hit,prefix,8,1491.7
box,3000,5,hit,prefix,16,1521.3
box,3000,5,hit,prefix,32,1559.7
box,3000,5,hit,prefix,64,1686.0
box,3000,5,hit,prefix,3000,12513.2
box,3000,5,mix,scan,0,814.1
box,3000,5,mix,prefix,1,836.4
box,3000,5,mix,prefix,2,851.7
box,3000,5,mix,prefix,4,851.6
box,3000,5,mix,prefix,8,857.4
box,3000,5,mix,prefix,16,881.1
box,3000,5,mix,prefix,32,938.4
box,3000,5,mix,prefix,64,1043.5
box,3000,5,mix,prefix,3000,10986.8
box,3000,10,miss,scan,0,15.6
box,3000,10,miss,prefix,1,33.3
box,3000,10,miss,prefix,2,30.2
box,3000,10,miss,prefix,4,37.2
box,3000,10,miss,prefix,8,78.2
box,3000,10,miss,prefix,16,123.5
box,3000,10,miss,prefix,32,199.6
box,3000,10,miss,prefix,64,196.0
box,3000,10,miss,prefix,3000,8995.0
box,3000,10,hit,scan,0,1433.4
box,3000,10,hit,prefix,1,1474.1
box,3000,10,hit,prefix,2,1471.4
box,3000,10,hit,prefix,4,1470.4
box,3000,10,hit,prefix,8,1496.0
box,3000,10,hit,prefix,16,1526.1
box,3000,10,hit,prefix,32,1585.5
box,3000,10,hit,prefix,64,1698.0
box,3000,10,hit,prefix,3000,12443.0
box,3000,10,mix,scan,0,672.0
box,3000,10,mix,prefix,1,696.3
box,3000,10,mix,prefix,2,699.0
box,3000,10,mix,prefix,4,705.1
box,3000,10,mix,prefix,8,716.3
box,3000,10,mix,prefix,16,751.7
box,3000,10,mix,prefix,32,799.8
box,3000,10,mix,prefix,64,905.8
box,3000,10,mix,prefix,3000,10762.6
box,3000,20,miss,scan,0,28.7
box,3000,20,miss,prefix,1,42.3
box,3000,20,miss,prefix,2,39.3
box,3000,20,miss,prefix,4,37.8
box,3000,20,miss,prefix,8,78.2
box,3000,20,miss,prefix,16,121.0
box,3000,20,miss,prefix,32,194.6
box,3000,20,miss,prefix,64,204.5
box,3000,20,miss,prefix,3000,8996.1
box,3000,20,hit,scan,0,1459.2
box,3000,20,hit,prefix,1,1489.3
box,3000,20,hit,prefix,2,1531.4
box,3000,20,hit,prefix,4,1495.6
box,3000,20,hit,prefix,8,1498.8
box,3000,20,hit,prefix,16,1537.8
box,3000,20,hit,prefix,32,1591.5
box,3000,20,hit,prefix,64,1738.7
box,3000,20,hit,prefix,3000,12695.8
box,3000,20,mix,scan,0,832.4
box,3000,20,mix,prefix,1,866.1
box,3000,20,mix,prefix,2,856.0
box,3000,20,mix,prefix,4,842.8
box,3000,20,mix,prefix,8,859.2
box,3000,20,mix,prefix,16,887.4
box,3000,20,mix,prefix,32,941.2
box,3000,20,mix,prefix,64,1055.8
box,3000,20,mix,prefix,3000,10948.5
box,3000,50,miss,scan,0,75.9
box,3000,50,miss,prefix,1,68.4
box,3000,50,miss,prefix,2,56.3
box,3000,50,miss,prefix,4,46.2
box,3000,50,miss,prefix,8,72.3
box,3000,50,miss,prefix,16,114.9
box,3000,50,miss,prefix,32,197.0
box,3000,50,miss,prefix,64,287.1
box,3000,50,miss,prefix,3000,8948.8
box,3000,50,hit,scan,0,1493.6
box,3000,50,hit,prefix,1,1522.3
box,3000,50,hit,prefix,2,1524.2
box,3000,50,hit,prefix,4,1520.4
box,3000,50,hit,prefix,8,1505.9
box,3000,50,hit,prefix,16,1553.3
box,3000,50,hit,prefix,32,1615.2
box,3000,50,hit,prefix,64,1752.8
box,3000,50,hit,prefix,3000,12531.2
box,3000,50,mix,scan,0,793.0
box,3000,50,mix,prefix,1,800.0
box,3000,50,mix,prefix,2,789.6
box,3000,50,mix,prefix,4,788.1
box,3000,50,mix,prefix,8,792.9
box,3000,50,mix,prefix,16,809.3
box,3000,50,mix,prefix,32,864.3
box,3000,50,mix,prefix,64,965.8
box,3000,50,mix,prefix,3000,10770.8
box,3000,100,miss,scan,0,355.6
box,3000,100,miss,prefix,1,196.3
box,3000,100,miss,prefix,2,100.7
box,3000,100,miss,prefix,4,67.6
box,3000,100,miss,prefix,8,54.8
box,3000,100,miss,prefix,16,74.6
box,3000,100,miss,prefix,32,118.5
box,3000,100,miss,prefix,64,286.1
box,3000,100,miss,prefix,3000,9064.7
box,3000,100,hit,scan,0,1774.7
box,3000,100,hit,prefix,1,1745.3
box,3000,100,hit,prefix,2,1862.4
box,3000,100,hit,prefix,4,1623.4
box,3000,100,hit,prefix,8,1611.6
box,3000,100,hit,prefix,16,1642.6
box,3000,100,hit,prefix,32,1687.2
box,3000,100,hit,prefix,64,1791.4
box,3000,100,hit,prefix,3000,12712.5
box,3000,100,mix,scan,0,1013.7
box,3000,100,mix,prefix,1,922.7
box,3000,100,mix,prefix,2,871.2
box,3000,100,mix,prefix,4,842.5
box,3000,100,mix,prefix,8,826.8
box,3000,100,mix,prefix,16,867.5
box,3000,100,mix,prefix,32,1045.9
box,3000,100,mix,prefix,64,1072.8
box,3000,100,mix,prefix,3000,11186.6
box,3000,158,miss,scan,0,829.3
box,3000,158,miss,prefix,1,465.3
box,3000,158,miss,prefix,2,255.8
box,3000,158,miss,prefix,4,83.0
box,3000,158,miss,prefix,8,52.5
box,3000,158,miss,prefix,16,72.7
box,3000,158,miss,prefix,32,199.2
box,3000,158,miss,prefix,64,290.9
box,3000,158,miss,prefix,3000,8913.9
box,3000,158,hit,scan,0,1870.9
box,3000,158,hit,prefix,1,1783.7
box,3000,158,hit,prefix,2,1721.6
box,3000,158,hit,prefix,4,1668.5
box,3000,158,hit,prefix,8,1653.7
box,3000,158,hit,prefix,16,1698.3
box,3000,158,hit,prefix,32,1740.3
box,3000,158,hit,prefix,64,1912.3
box,3000,158,hit,prefix,3000,13268.6
box,3000,158,mix,scan,0,1326.3
box,3000,158,mix,prefix,1,1084.2
box,3000,158,mix,prefix,2,928.6
box,3000,158,mix,prefix,4,836.9
box,3000,158,mix,prefix,8,817.7
box,3000,158,mix,prefix,16,850.7
box,3000,158,mix,prefix,32,900.0
box,3000,158,mix,prefix,64,1001.2
box,3000,158,mix,prefix,3000,11293.1
box,3000,200,miss,scan,0,1243.8
box,3000,200,miss,prefix,1,700.0
box,3000,200,miss,prefix,2,386.1
box,3000,200,miss,prefix,4,103.0
box,3000,200,miss,prefix,8,53.4
box,3000,200,miss,prefix,16,67.6
box,3000,200,miss,prefix,32,187.1
box,3000,200,miss,prefix,64,282.6
box,3000,200,miss,prefix,3000,8993.7
box,3000,200,hit,scan,0,2114.6
box,3000,200,hit,prefix,1,1858.8
box,3000,200,hit,prefix,2,1755.4
box,3000,200,hit,prefix,4,1678.7
box,3000,200,hit,prefix,8,1672.2
box,3000,200,hit,prefix,16,1718.7
box,3000,200,hit,prefix,32,1770.6
box,3000,200,hit,prefix,64,1927.5
box,3000,200,hit,prefix,3000,12939.1
box,3000,200,mix,scan,0,1638.3
box,3000,200,mix,prefix,1,1262.9
box,3000,200,mix,prefix,2,1031.5
box,3000,200,mix,prefix,4,863.5
box,3000,200,mix,prefix,8,821.6
box,3000,200,mix,prefix,16,870.1
box,3000,200,mix,prefix,32,901.4
box,3000,200,mix,prefix,64,1019.3
box,3000,200,mix,prefix,3000,11073.0
box,3000,300,miss,scan,0,2239.0
box,3000,300,miss,prefix,1,1236.7
box,3000,300,miss,prefix,2,686.1
box,3000,300,miss,prefix,4,189.5
box,3000,300,miss,prefix,8,60.0
box,3000,300,miss,prefix,16,67.7
box,3000,300,miss,prefix,32,112.0
box,3000,300,miss,prefix,64,284.2
box,3000,300,miss,prefix,3000,8931.8
box,3000,300,hit,scan,0,2721.9
box,3000,300,hit,prefix,1,2168.1
box,3000,300,hit,prefix,2,1930.0
box,3000,300,hit,prefix,4,1801.6
box,3000,300,hit,prefix,8,1743.8
box,3000,300,hit,prefix,16,1760.6
box,3000,300,hit,prefix,32,1831.2
box,3000,300,hit,prefix,64,1942.0
box,3000,300,hit,prefix,3000,13316.9
box,3000,300,mix,scan,0,2444.0
box,3000,300,mix,prefix,1,1678.1
box,3000,300,mix,prefix,2,1229.3
box,3000,300,mix,prefix,4,857.7
box,3000,300,mix,prefix,8,770.1
box,3000,300,mix,prefix,16,792.1
box,3000,300,mix,prefix,32,883.3
box,3000,300,mix,prefix,64,951.2
box,3000,300,mix,prefix,3000,10972.7
box,3000,389,miss,scan,0,3187.4
box,3000,389,miss,prefix,1,1738.0
box,3000,389,miss,prefix,2,952.0
box,3000,389,miss,prefix,4,260.8
box,3000,389,miss,prefix,8,63.6
box,3000,389,miss,prefix,16,70.9
box,3000,389,miss,prefix,32,113.3
box,3000,389,miss,prefix,64,272.3
box,3000,389,miss,prefix,3000,9019.9
box,3000,389,hit,scan,0,3118.0
box,3000,389,hit,prefix,1,2418.0
box,3000,389,hit,prefix,2,2116.2
box,3000,389,hit,prefix,4,1839.5
box,3000,389,hit,prefix,8,1748.5
box,3000,389,hit,prefix,16,1763.4
box,3000,389,hit,prefix,32,1847.1
box,3000,389,hit,prefix,64,2054.8
box,3000,389,hit,prefix,3000,13360.1
box,3000,389,mix,scan,0,3099.7
box,3000,389,mix,prefix,1,1984.4
box,3000,389,mix,prefix,2,1410.5
box,3000,389,mix,prefix,4,891.5
box,3000,389,mix,prefix,8,741.3
box,3000,389,mix,prefix,16,778.1
box,3000,389,mix,prefix,32,822.4
box,3000,389,mix,prefix,64,906.2
box,3000,389,mix,prefix,3000,10847.0
box,3000,500,miss,scan,0,4304.7
box,3000,500,miss,prefix,1,2411.9
box,3000,500,miss,prefix,2,1312.2
box,3000,500,miss,prefix,4,357.9
box,3000,500,miss,prefix,8,68.9
box,3000,500,miss,prefix,16,70.8
box,3000,500,miss,prefix,32,110.5
box,3000,500,miss,prefix,64,271.2
box,3000,500,miss,prefix,3000,9033.0
box,3000,500,hit,scan,0,3828.6
box,3000,500,hit,prefix,1,2893.5
box,3000,500,hit,prefix,2,2366.3
box,3000,500,hit,prefix,4,1925.0
box,3000,500,hit,prefix,8,1815.1
box,3000,500,hit,prefix,16,1816.9
box,3000,500,hit,prefix,32,1955.5
box,3000,500,hit,prefix,64,2048.6
box,3000,500,hit,prefix,3000,13330.9
box,3000,500,mix,scan,0,3915.5
box,3000,500,mix,prefix,1,2586.0
box,3000,500,mix,prefix,2,1821.0
box,3000,500,mix,prefix,4,1159.0
box,3000,500,mix,prefix,8,1002.8
box,3000,500,mix,prefix,16,1037.1
box,3000,500,mix,prefix,32,1170.2
box,3000,500,mix,prefix,64,1189.4
box,3000,500,mix,prefix,3000,11713.1
box,3000,750,miss,scan,0,6882.2
box,3000,750,miss,prefix,1,3728.0
box,3000,750,miss,prefix,2,2041.4
box,3000,750,miss,prefix,4,573.2
box,3000,750,miss,prefix,8,81.9
box,3000,750,miss,prefix,16,67.0
box,3000,750,miss,prefix,32,112.3
box,3000,750,miss,prefix,64,273.6
box,3000,750,miss,prefix,3000,9196.4
box,3000,750,hit,scan,0,4986.0
box,3000,750,hit,prefix,1,3679.4
box,3000,750,hit,prefix,2,2844.1
box,3000,750,hit,prefix,4,2081.5
box,3000,750,hit,prefix,8,1839.2
box,3000,750,hit,prefix,16,1892.6
box,3000,750,hit,prefix,32,2014.0
box,3000,750,hit,prefix,64,2090.0
box,3000,750,hit,prefix,3000,13506.0
box,3000,750,mix,scan,0,5800.3
box,3000,750,mix,prefix,1,3581.0
box,3000,750,mix,prefix,2,2332.7
box,3000,750,mix,prefix,4,1378.2
box,3000,750,mix,prefix,8,1009.7
box,3000,750,mix,prefix,16,984.5
box,3000,750,mix,prefix,32,1032.5
box,3000,750,mix,prefix,64,1132.0
box,3000,750,mix,prefix,3000,11456.5
box,3000,1000,miss,scan,0,9697.2
box,3000,1000,miss,prefix,1,5106.0
box,3000,1000,miss,prefix,2,2827.6
box,3000,1000,miss,prefix,4,801.2
box,3000,1000,miss,prefix,8,91.9
box,3000,1000,miss,prefix,16,69.6
box,3000,1000,miss,prefix,32,112.2
box,3000,1000,miss,prefix,64,285.4
box,3000,1000,miss,prefix,3000,9063.9
box,3000,1000,hit,scan,0,6293.1
box,3000,1000,hit,prefix,1,4217.2
box,3000,1000,hit,prefix,2,3223.8
box,3000,1000,hit,prefix,4,2305.0
box,3000,1000,hit,prefix,8,1879.3
box,3000,1000,hit,prefix,16,1909.2
box,3000,1000,hit,prefix,32,1954.9
box,3000,1000,hit,prefix,64,2049.9
box,3000,1000,hit,prefix,3000,13342.7
box,3000,1000,mix,scan,0,7889.7
box,3000,1000,mix,prefix,1,4607.1
box,3000,1000,mix,prefix,2,2922.2
box,3000,1000,mix,prefix,4,1459.2
box,3000,1000,mix,prefix,8,885.8
box,3000,1000,mix,prefix,16,835.3
box,3000,1000,mix,prefix,32,903.7
box,3000,1000,mix,prefix,64,1001.8
box,3000,1000,mix,prefix,3000,11122.1
box,3000,1500,miss,scan,0,14880.9
box,3000,1500,miss,prefix,1,8163.3
box,3000,1500,miss,prefix,2,4415.7
box,3000,1500,miss,prefix,4,1271.4
box,3000,1500,miss,prefix,8,114.4
box,3000,1500,miss,prefix,16,68.9
box,3000,1500,miss,prefix,32,113.6
box,3000,1500,miss,prefix,64,294.7
box,3000,1500,miss,prefix,3000,8974.2
box,3000,1500,hit,scan,0,9527.6
box,3000,1500,hit,prefix,1,5871.3
box,3000,1500,hit,prefix,2,4124.8
box,3000,1500,hit,prefix,4,2594.9
box,3000,1500,hit,prefix,8,1990.9
box,3000,1500,hit,prefix,16,1893.9
box,3000,1500,hit,prefix,32,2069.4
box,3000,1500,hit,prefix,64,2135.0
box,3000,1500,hit,prefix,3000,13515.6
box,3000,1500,mix,scan,0,12566.2
box,3000,1500,mix,prefix,1,7165.7
box,3000,1500,mix,prefix,2,4249.5
box,3000,1500,mix,prefix,4,1851.2
box,3000,1500,mix,prefix,8,907.1
box,3000,1500,mix,prefix,16,852.4
box,3000,1500,mix,prefix,32,910.4
box,3000,1500,mix,prefix,64,994.2
box,3000,1500,mix,prefix,3000,11081.4
box,3000,2000,miss,scan,0,22687.0
box,3000,2000,miss,prefix,1,11804.1
box,3000,2000,miss,prefix,2,6440.1
box,3000,2000,miss,prefix,4,1840.6
box,3000,2000,miss,prefix,8,145.2
box,3000,2000,miss,prefix,16,71.6
box,3000,2000,miss,prefix,32,113.3
box,3000,2000,miss,prefix,64,308.2
box,3000,2000,miss,prefix,3000,9075.8
box,3000,2000,hit,scan,0,13184.4
box,3000,2000,hit,prefix,1,8058.0
box,3000,2000,hit,prefix,2,5367.0
box,3000,2000,hit,prefix,4,3027.4
box,3000,2000,hit,prefix,8,2015.5
box,3000,2000,hit,prefix,16,1861.0
box,3000,2000,hit,prefix,32,1966.2
box,3000,2000,hit,prefix,64,2110.1
box,3000,2000,hit,prefix,3000,13696.8
box,3000,2000,mix,scan,0,16517.1
box,3000,2000,mix,prefix,1,9217.4
box,3000,2000,mix,prefix,2,5407.9
box,3000,2000,mix,prefix,4,2235.8
box,3000,2000,mix,prefix,8,962.6
box,3000,2000,mix,prefix,16,856.4
box,3000,2000,mix,prefix,32,938.4
box,3000,2000,mix,prefix,64,1028.4
box,3000,2000,mix,prefix,3000,11318.2
